time,currency,selling,buying
31-08-20_09:00,USD,7.2872,7.3975
31-08-20_09:01,USD,7.2872,7.3975
31-08-20_09:01,USD,7.2872,7.3975
31-08-20_09:02,USD,7.2872,7.3975
31-08-20_09:03,USD,7.2872,7.3975
31-08-20_09:03,USD,7.2872,7.3975
31-08-20_09:04,USD,7.2872,7.3975
31-08-20_09:04,USD,7.2872,7.3975
31-08-20_09:05,USD,7.2872,7.3975
31-08-20_09:06,USD,7.2872,7.3975
31-08-20_09:06,USD,7.2872,7.3975
31-08-20_09:07,USD,7.2872,7.3975
31-08-20_09:07,USD,7.2872,7.3975
31-08-20_09:08,USD,7.2872,7.3975
31-08-20_09:09,USD,7.2872,7.3975
31-08-20_09:09,USD,7.2872,7.3975
31-08-20_09:10,USD,7.2872,7.3975
31-08-20_09:10,USD,7.2872,7.3975
31-08-20_09:11,USD,7.2872,7.3975
31-08-20_09:12,USD,7.2872,7.3975
31-08-20_09:12,USD,7.2872,7.3975
31-08-20_09:13,USD,7.2872,7.3975
31-08-20_09:13,USD,7.2872,7.3975
31-08-20_09:14,USD,7.2872,7.3975
31-08-20_09:15,USD,7.2872,7.3975
31-08-20_09:15,USD,7.2872,7.3975
31-08-20_09:16,USD,7.2872,7.3975
31-08-20_09:16,USD,7.2872,7.3975
31-08-20_09:17,USD,7.2872,7.3975
31-08-20_09:18,USD,7.2872,7.3975
31-08-20_09:18,USD,7.2872,7.3975
31-08-20_09:19,USD,7.2872,7.3975
31-08-20_09:19,USD,7.2872,7.3975
31-08-20_09:20,USD,7.2872,7.3975
31-08-20_09:21,USD,7.2872,7.3975
31-08-20_09:21,USD,7.2872,7.3975
31-08-20_09:22,USD,7.2872,7.3975
31-08-20_09:22,USD,7.2872,7.3975
31-08-20_09:23,USD,7.2872,7.3975
31-08-20_09:24,USD,7.2872,7.3975
31-08-20_09:24,USD,7.2872,7.3975
31-08-20_09:25,USD,7.2872,7.3975
31-08-20_09:25,USD,7.2872,7.3975
31-08-20_09:26,USD,7.2872,7.3975
31-08-20_09:27,USD,7.2872,7.3975
31-08-20_09:27,USD,7.2872,7.3975
31-08-20_09:28,USD,7.2872,7.3975
31-08-20_09:28,USD,7.2872,7.3975
31-08-20_09:29,USD,7.2872,7.3975
31-08-20_09:30,USD,7.2872,7.3975
31-08-20_09:30,USD,7.2872,7.3975
31-08-20_09:31,USD,7.2872,7.3975
31-08-20_09:31,USD,7.2872,7.3975
31-08-20_09:32,USD,7.2872,7.3975
31-08-20_09:33,USD,7.2872,7.3975
31-08-20_09:33,USD,7.2872,7.3975
31-08-20_09:34,USD,7.2872,7.3975
31-08-20_09:34,USD,7.2872,7.3975
31-08-20_09:35,USD,7.2872,7.3975
31-08-20_09:36,USD,7.2872,7.3975
31-08-20_09:36,USD,7.2872,7.3975
31-08-20_09:37,USD,7.2872,7.3975
31-08-20_09:37,USD,7.2872,7.3975
31-08-20_09:38,USD,7.2872,7.3975
31-08-20_09:39,USD,7.2872,7.3975
31-08-20_09:39,USD,7.2872,7.3975
31-08-20_09:40,USD,7.2872,7.3975
31-08-20_09:41,USD,7.2872,7.3975
31-08-20_09:41,USD,7.2872,7.3975
31-08-20_09:42,USD,7.2872,7.3975
31-08-20_09:42,USD,7.2872,7.3975
31-08-20_09:43,USD,7.2872,7.3975
31-08-20_09:44,USD,7.2872,7.3975
31-08-20_09:44,USD,7.2872,7.3975
31-08-20_09:45,USD,7.2872,7.3975
31-08-20_09:45,USD,7.2872,7.3975
31-08-20_09:46,USD,7.2872,7.3975
31-08-20_09:47,USD,7.2872,7.3975
31-08-20_09:47,USD,7.2872,7.3975
31-08-20_09:48,USD,7.2872,7.3975
31-08-20_09:48,USD,7.2872,7.3975
31-08-20_09:49,USD,7.2872,7.3975
31-08-20_09:50,USD,7.2872,7.3975
31-08-20_09:50,USD,7.2872,7.3975
31-08-20_09:51,USD,7.2872,7.3975
31-08-20_09:51,USD,7.2872,7.3975
31-08-20_09:52,USD,7.2872,7.3975
31-08-20_09:53,USD,7.2872,7.3975
31-08-20_09:53,USD,7.2872,7.3975
31-08-20_09:54,USD,7.2872,7.3975
31-08-20_09:54,USD,7.2872,7.3975
31-08-20_09:55,USD,7.2872,7.3975
31-08-20_09:56,USD,7.2872,7.3975
31-08-20_09:56,USD,7.2872,7.3975
31-08-20_09:57,USD,7.2872,7.3975
31-08-20_09:57,USD,7.2872,7.3975
31-08-20_09:58,USD,7.2872,7.3975
31-08-20_09:59,USD,7.2872,7.3975
31-08-20_09:59,USD,7.2872,7.3975
31-08-20_10:00,USD,7.2872,7.3975
31-08-20_10:00,USD,7.2872,7.3975
31-08-20_10:01,USD,7.2872,7.3975
31-08-20_10:02,USD,7.2872,7.3975
31-08-20_10:02,USD,7.2872,7.3975
31-08-20_10:03,USD,7.2872,7.3975
31-08-20_10:03,USD,7.2872,7.3975
31-08-20_10:04,USD,7.2872,7.3975
31-08-20_10:05,USD,7.2872,7.3975
31-08-20_10:05,USD,7.2872,7.3975
31-08-20_10:06,USD,7.2872,7.3975
31-08-20_10:06,USD,7.2872,7.3975
31-08-20_10:07,USD,7.2872,7.3975
31-08-20_10:08,USD,7.2872,7.3975
31-08-20_10:08,USD,7.2872,7.3975
31-08-20_10:09,USD,7.2872,7.3975
31-08-20_10:09,USD,7.2872,7.3975
31-08-20_10:10,USD,7.2872,7.3975
31-08-20_10:11,USD,7.2872,7.3975
31-08-20_10:11,USD,7.2872,7.3975
31-08-20_10:12,USD,7.2872,7.3975
31-08-20_10:12,USD,7.2872,7.3975
31-08-20_10:13,USD,7.2872,7.3975
31-08-20_10:14,USD,7.2872,7.3975
31-08-20_10:14,USD,7.2872,7.3975
31-08-20_10:15,USD,7.2872,7.3975
31-08-20_10:15,USD,7.2872,7.3975
31-08-20_10:16,USD,7.2872,7.3975
31-08-20_10:17,USD,7.2872,7.3975
31-08-20_10:17,USD,7.2872,7.3975
31-08-20_10:18,USD,7.2872,7.3975
31-08-20_10:18,USD,7.2872,7.3975
31-08-20_10:19,USD,7.2872,7.3975
31-08-20_10:20,USD,7.2872,7.3975
31-08-20_10:20,USD,7.2872,7.3975
31-08-20_10:21,USD,7.2872,7.3975
31-08-20_10:21,USD,7.2872,7.3975
31-08-20_10:22,USD,7.2872,7.3975
31-08-20_10:23,USD,7.2872,7.3975
31-08-20_10:23,USD,7.2872,7.3975
31-08-20_10:24,USD,7.2872,7.3975
31-08-20_10:24,USD,7.2872,7.3975
31-08-20_10:25,USD,7.2872,7.3975
31-08-20_10:26,USD,7.2872,7.3975
31-08-20_10:26,USD,7.2872,7.3975
31-08-20_10:27,USD,7.2872,7.3975
31-08-20_10:27,USD,7.2872,7.3975
31-08-20_10:28,USD,7.2872,7.3975
31-08-20_10:29,USD,7.2872,7.3975
31-08-20_10:29,USD,7.2872,7.3975
31-08-20_10:30,USD,7.2872,7.3975
31-08-20_10:30,USD,7.2872,7.3975
31-08-20_10:31,USD,7.2872,7.3975
31-08-20_10:32,USD,7.2872,7.3975
31-08-20_10:32,USD,7.2872,7.3975
31-08-20_10:33,USD,7.2872,7.3975
31-08-20_10:33,USD,7.2872,7.3975
31-08-20_10:34,USD,7.3328,7.3787
31-08-20_10:35,USD,7.3328,7.3787
31-08-20_10:35,USD,7.3328,7.3787
31-08-20_10:36,USD,7.3328,7.3787
31-08-20_10:37,USD,7.3328,7.3787
31-08-20_10:37,USD,7.3313,7.3762
31-08-20_10:38,USD,7.3313,7.3762
31-08-20_10:38,USD,7.3194,7.3793
31-08-20_10:39,USD,7.3194,7.3793
31-08-20_10:40,USD,7.3199,7.3854
31-08-20_10:40,USD,7.3199,7.3854
31-08-20_10:41,USD,7.321,7.3833
31-08-20_10:41,USD,7.321,7.3833
31-08-20_10:42,USD,7.3209,7.3824
31-08-20_10:43,USD,7.3209,7.3824
31-08-20_10:43,USD,7.3209,7.3824
31-08-20_10:44,USD,7.3211,7.3826
31-08-20_10:44,USD,7.3211,7.3826
31-08-20_10:45,USD,7.3213,7.3827
31-08-20_10:46,USD,7.3213,7.3827
31-08-20_10:46,USD,7.3202,7.3821
31-08-20_10:47,USD,7.3202,7.3821
31-08-20_10:47,USD,7.3204,7.3821
31-08-20_10:48,USD,7.3204,7.3821
31-08-20_10:49,USD,7.3204,7.3821
31-08-20_10:49,USD,7.3196,7.3815
31-08-20_10:50,USD,7.3196,7.3815
31-08-20_10:50,USD,7.3196,7.3808
31-08-20_10:51,USD,7.3196,7.3808
31-08-20_10:52,USD,7.3193,7.3807
31-08-20_10:52,USD,7.3193,7.3807
31-08-20_10:53,USD,7.319,7.3807
31-08-20_10:53,USD,7.319,7.3807
31-08-20_10:54,USD,7.3188,7.3799
31-08-20_10:55,USD,7.3188,7.3799
31-08-20_10:55,USD,7.3188,7.3799
31-08-20_10:56,USD,7.319,7.3808
31-08-20_10:56,USD,7.319,7.3808
31-08-20_10:57,USD,7.3187,7.3809
31-08-20_10:58,USD,7.3187,7.3809
31-08-20_10:58,USD,7.3183,7.3808
31-08-20_10:59,USD,7.3183,7.3808
31-08-20_10:59,USD,7.3188,7.3795
31-08-20_11:00,USD,7.3188,7.3795
31-08-20_11:01,USD,7.3188,7.3795
31-08-20_11:01,USD,7.3185,7.3795
31-08-20_11:02,USD,7.3185,7.3795
31-08-20_11:02,USD,7.3147,7.3755
31-08-20_11:03,USD,7.3147,7.3755
31-08-20_11:04,USD,7.3133,7.3747
31-08-20_11:04,USD,7.3133,7.3747
31-08-20_11:05,USD,7.3134,7.3747
31-08-20_11:05,USD,7.3134,7.3747
31-08-20_11:06,USD,7.3134,7.3747
31-08-20_11:07,USD,7.314,7.3756
31-08-20_11:07,USD,7.314,7.3756
31-08-20_11:08,USD,7.3141,7.3755
31-08-20_11:08,USD,7.3141,7.3755
31-08-20_11:09,USD,7.3143,7.3758
31-08-20_11:10,USD,7.3143,7.3758
31-08-20_11:10,USD,7.3152,7.3758
31-08-20_11:11,USD,7.3152,7.3758
31-08-20_11:12,USD,7.3152,7.3758
31-08-20_11:12,USD,7.3144,7.3754
31-08-20_11:13,USD,7.3139,7.3751
31-08-20_11:13,USD,7.3139,7.3751
31-08-20_11:14,USD,7.3139,7.3751
31-08-20_11:15,USD,7.3137,7.3741
31-08-20_11:15,USD,7.3137,7.3741
31-08-20_11:16,USD,7.313,7.3741
31-08-20_11:16,USD,7.313,7.3741
31-08-20_11:17,USD,7.3131,7.3741
31-08-20_11:18,USD,7.3131,7.3741
31-08-20_11:18,USD,7.3143,7.3741
31-08-20_11:19,USD,7.3143,7.3741
31-08-20_11:20,USD,7.3144,7.3741
31-08-20_11:20,USD,7.3144,7.3741
31-08-20_11:21,USD,7.3135,7.3745
31-08-20_11:21,USD,7.3135,7.3745
31-08-20_11:22,USD,7.3143,7.3744
31-08-20_11:23,USD,7.3143,7.3744
31-08-20_11:23,USD,7.3143,7.3744
31-08-20_11:24,USD,7.3136,7.3745
31-08-20_11:24,USD,7.3136,7.3745
31-08-20_11:25,USD,7.3118,7.3739
31-08-20_11:26,USD,7.3118,7.3739
31-08-20_11:26,USD,7.3107,7.372
31-08-20_11:27,USD,7.3107,7.372
31-08-20_11:27,USD,7.3126,7.3751
31-08-20_11:28,USD,7.3126,7.3751
31-08-20_11:29,USD,7.3126,7.3751
31-08-20_11:29,USD,7.3124,7.3751
31-08-20_11:30,USD,7.3124,7.3751
31-08-20_11:30,USD,7.312,7.3746
31-08-20_11:31,USD,7.312,7.3746
31-08-20_11:32,USD,7.3075,7.3726
31-08-20_11:32,USD,7.3075,7.3726
31-08-20_11:33,USD,7.3077,7.3722
31-08-20_11:33,USD,7.3077,7.3722
31-08-20_11:34,USD,7.3075,7.3714
31-08-20_11:35,USD,7.3075,7.3714
31-08-20_11:35,USD,7.3075,7.3714
31-08-20_11:36,USD,7.3085,7.3727
31-08-20_11:36,USD,7.3085,7.3727
31-08-20_11:37,USD,7.3082,7.3727
31-08-20_11:38,USD,7.3082,7.3727
31-08-20_11:38,USD,7.3072,7.3709
31-08-20_11:39,USD,7.3072,7.3709
31-08-20_11:39,USD,7.3053,7.369
31-08-20_11:40,USD,7.3053,7.369
31-08-20_11:41,USD,7.3053,7.369
31-08-20_11:41,USD,7.3054,7.3686
31-08-20_11:42,USD,7.3054,7.3686
31-08-20_11:43,USD,7.304,7.3666
31-08-20_11:43,USD,7.304,7.3666
31-08-20_11:44,USD,7.3012,7.3622
31-08-20_11:44,USD,7.3012,7.3622
31-08-20_11:45,USD,7.3012,7.3619
31-08-20_11:46,USD,7.3012,7.3619
31-08-20_11:46,USD,7.3002,7.3619
31-08-20_11:47,USD,7.3002,7.3619
31-08-20_11:47,USD,7.3002,7.3619
31-08-20_11:48,USD,7.3001,7.3619
31-08-20_11:48,USD,7.3001,7.3619
31-08-20_11:49,USD,7.3042,7.3659
31-08-20_11:50,USD,7.3042,7.3659
31-08-20_11:50,USD,7.304,7.3658
31-08-20_11:51,USD,7.304,7.3658
31-08-20_11:52,USD,7.3039,7.3657
31-08-20_11:52,USD,7.3039,7.3657
31-08-20_11:53,USD,7.3042,7.3658
31-08-20_11:53,USD,7.3042,7.3658
31-08-20_11:54,USD,7.3042,7.3658
31-08-20_11:55,USD,7.3056,7.3655
31-08-20_11:55,USD,7.3056,7.3655
31-08-20_11:56,USD,7.3054,7.3657
31-08-20_11:56,USD,7.3054,7.3657
31-08-20_11:57,USD,7.306,7.366
31-08-20_11:58,USD,7.306,7.366
31-08-20_11:58,USD,7.3094,7.3708
31-08-20_11:59,USD,7.3094,7.3708
31-08-20_11:59,USD,7.309,7.3714
31-08-20_12:00,USD,7.309,7.3714
31-08-20_12:01,USD,7.309,7.3714
31-08-20_12:01,USD,7.3087,7.3711
31-08-20_12:02,USD,7.3087,7.3711
31-08-20_12:02,USD,7.3116,7.3736
31-08-20_12:03,USD,7.3116,7.3736
31-08-20_12:04,USD,7.3083,7.3707
31-08-20_12:04,USD,7.3083,7.3707
31-08-20_12:05,USD,7.3095,7.3717
31-08-20_12:05,USD,7.3095,7.3717
31-08-20_12:06,USD,7.3095,7.3717
31-08-20_12:07,USD,7.312,7.3752
31-08-20_12:07,USD,7.312,7.3752
31-08-20_12:08,USD,7.312,7.3752
31-08-20_12:08,USD,7.312,7.3752
31-08-20_12:09,USD,7.3123,7.3758
31-08-20_12:10,USD,7.3123,7.3758
31-08-20_12:10,USD,7.3125,7.3758
31-08-20_12:11,USD,7.3125,7.3758
31-08-20_12:11,USD,7.3151,7.3766
31-08-20_12:12,USD,7.3151,7.3766
31-08-20_12:13,USD,7.3151,7.3766
31-08-20_12:13,USD,7.3151,7.3768
31-08-20_12:14,USD,7.3151,7.3768
31-08-20_12:14,USD,7.3151,7.3769
31-08-20_12:15,USD,7.3151,7.3769
31-08-20_12:16,USD,7.3152,7.3768
31-08-20_12:16,USD,7.3152,7.3768
31-08-20_12:17,USD,7.3146,7.3766
31-08-20_12:17,USD,7.3146,7.3766
31-08-20_12:18,USD,7.314,7.3756
31-08-20_12:19,USD,7.314,7.3756
31-08-20_12:19,USD,7.314,7.3756
31-08-20_12:20,USD,7.3143,7.3754
31-08-20_12:21,USD,7.3143,7.3754
31-08-20_12:21,USD,7.3141,7.3755
31-08-20_12:22,USD,7.3141,7.3755
31-08-20_12:22,USD,7.3142,7.3752
31-08-20_12:23,USD,7.3142,7.3752
31-08-20_12:24,USD,7.3141,7.3752
31-08-20_12:24,USD,7.3141,7.3752
31-08-20_12:25,USD,7.3141,7.3753
31-08-20_12:25,USD,7.3141,7.3753
31-08-20_12:26,USD,7.3141,7.3753
31-08-20_12:27,USD,7.3158,7.3774
31-08-20_12:27,USD,7.3158,7.3774
31-08-20_12:28,USD,7.3163,7.3775
31-08-20_12:28,USD,7.3163,7.3775
31-08-20_12:29,USD,7.3162,7.3776
31-08-20_12:30,USD,7.3162,7.3776
31-08-20_12:30,USD,7.3165,7.3773
31-08-20_12:31,USD,7.3165,7.3773
31-08-20_12:32,USD,7.3165,7.3775
31-08-20_12:32,USD,7.3165,7.3775
31-08-20_12:33,USD,7.3165,7.3774
31-08-20_12:33,USD,7.3165,7.3774
31-08-20_12:34,USD,7.3165,7.3774
31-08-20_12:35,USD,7.3167,7.3773
31-08-20_12:35,USD,7.3167,7.3773
31-08-20_12:36,USD,7.3167,7.3773
31-08-20_12:36,USD,7.3167,7.3773
31-08-20_12:37,USD,7.3163,7.3773
31-08-20_12:38,USD,7.3163,7.3773
31-08-20_12:38,USD,7.317,7.3781
31-08-20_12:39,USD,7.317,7.3781
31-08-20_12:39,USD,7.317,7.3781
31-08-20_12:40,USD,7.3175,7.3782
31-08-20_12:41,USD,7.3175,7.3782
31-08-20_12:41,USD,7.3175,7.3782
31-08-20_12:42,USD,7.3175,7.3782
31-08-20_12:42,USD,7.3177,7.3784
31-08-20_12:43,USD,7.3177,7.3784
31-08-20_12:44,USD,7.3177,7.3784
31-08-20_12:44,USD,7.3177,7.3784
31-08-20_12:45,USD,7.3177,7.3784
31-08-20_12:45,USD,7.3177,7.3784
31-08-20_12:46,USD,7.3177,7.3784
31-08-20_12:47,USD,7.3177,7.3784
31-08-20_12:47,USD,7.3177,7.3784
31-08-20_12:48,USD,7.3177,7.3784
31-08-20_12:48,USD,7.3177,7.3784
31-08-20_12:49,USD,7.3177,7.3784
31-08-20_12:50,USD,7.3177,7.3784
31-08-20_12:50,USD,7.3177,7.3784
31-08-20_12:51,USD,7.3177,7.3784
31-08-20_12:51,USD,7.3177,7.3784
31-08-20_12:52,USD,7.3177,7.3784
31-08-20_12:53,USD,7.3177,7.3784
31-08-20_12:53,USD,7.3177,7.3784
31-08-20_12:54,USD,7.3177,7.3784
31-08-20_12:54,USD,7.323,7.3859
31-08-20_12:55,USD,7.323,7.3859
31-08-20_12:56,USD,7.3233,7.386
31-08-20_12:56,USD,7.3233,7.386
31-08-20_12:57,USD,7.3247,7.3867
31-08-20_12:57,USD,7.3247,7.3867
31-08-20_12:58,USD,7.3247,7.3867
31-08-20_12:59,USD,7.3259,7.3876
31-08-20_12:59,USD,7.3259,7.3876
31-08-20_13:00,USD,7.326,7.3878
31-08-20_13:00,USD,7.326,7.3878
31-08-20_13:01,USD,7.3261,7.3865
31-08-20_13:02,USD,7.3261,7.3865
31-08-20_13:02,USD,7.3271,7.3869
31-08-20_13:03,USD,7.3271,7.3869
31-08-20_13:03,USD,7.3276,7.3886
31-08-20_13:04,USD,7.3276,7.3886
31-08-20_13:05,USD,7.3276,7.3886
31-08-20_13:05,USD,7.3295,7.3905
31-08-20_13:06,USD,7.3295,7.3905
31-08-20_13:06,USD,7.3313,7.3913
31-08-20_13:07,USD,7.3313,7.3913
31-08-20_13:08,USD,7.3306,7.3909
31-08-20_13:08,USD,7.3306,7.3909
31-08-20_13:09,USD,7.3306,7.3909
31-08-20_13:10,USD,7.3306,7.3909
31-08-20_13:10,USD,7.3304,7.3908
31-08-20_13:11,USD,7.3304,7.3908
31-08-20_13:11,USD,7.3304,7.3908
31-08-20_13:12,USD,7.3297,7.3906
31-08-20_13:13,USD,7.3297,7.3906
31-08-20_13:13,USD,7.3297,7.3906
31-08-20_13:14,USD,7.3297,7.3906
31-08-20_13:14,USD,7.3297,7.3907
31-08-20_13:15,USD,7.3297,7.3907
31-08-20_13:16,USD,7.3297,7.3907
31-08-20_13:16,USD,7.3297,7.3907
31-08-20_13:17,USD,7.3297,7.3907
31-08-20_13:17,USD,7.3297,7.3907
31-08-20_13:18,USD,7.3297,7.3907
31-08-20_13:19,USD,7.3297,7.3907
31-08-20_13:19,USD,7.3297,7.3907
31-08-20_13:20,USD,7.3297,7.3907
31-08-20_13:20,USD,7.3297,7.3907
31-08-20_13:21,USD,7.3292,7.3904
31-08-20_13:22,USD,7.3292,7.3904
31-08-20_13:22,USD,7.3292,7.39
31-08-20_13:23,USD,7.3292,7.39
31-08-20_13:23,USD,7.3292,7.39
31-08-20_13:24,USD,7.3299,7.3903
31-08-20_13:25,USD,7.3299,7.3903
31-08-20_13:25,USD,7.3299,7.3903
31-08-20_13:26,USD,7.3299,7.3903
31-08-20_13:26,USD,7.3289,7.3902
31-08-20_13:27,USD,7.3289,7.3902
31-08-20_13:28,USD,7.3289,7.3902
31-08-20_13:28,USD,7.3289,7.3902
31-08-20_13:29,USD,7.3289,7.3902
31-08-20_13:29,USD,7.3289,7.3902
31-08-20_13:30,USD,7.3289,7.3902
31-08-20_13:31,USD,7.3295,7.3896
31-08-20_13:31,USD,7.3295,7.3896
31-08-20_13:32,USD,7.328,7.3886
31-08-20_13:32,USD,7.328,7.3886
31-08-20_13:33,USD,7.329,7.3895
31-08-20_13:34,USD,7.329,7.3895
31-08-20_13:34,USD,7.3297,7.3896
31-08-20_13:35,USD,7.3297,7.3896
31-08-20_13:35,USD,7.3297,7.3896
31-08-20_13:36,USD,7.3297,7.3896
31-08-20_13:37,USD,7.3297,7.3896
31-08-20_13:37,USD,7.3294,7.3896
31-08-20_13:38,USD,7.3294,7.3896
31-08-20_13:39,USD,7.3297,7.3896
31-08-20_13:39,USD,7.3297,7.3896
31-08-20_13:40,USD,7.33,7.3896
31-08-20_13:40,USD,7.33,7.3896
31-08-20_13:41,USD,7.33,7.3896
31-08-20_13:42,USD,7.33,7.3896
31-08-20_13:42,USD,7.3294,7.3896
31-08-20_13:43,USD,7.3294,7.3896
31-08-20_13:43,USD,7.3294,7.3896
31-08-20_13:44,USD,7.3287,7.3896
31-08-20_13:45,USD,7.3287,7.3896
31-08-20_13:45,USD,7.3267,7.3878
31-08-20_13:46,USD,7.3267,7.3878
31-08-20_13:46,USD,7.3272,7.3883
31-08-20_13:47,USD,7.3272,7.3883
31-08-20_13:48,USD,7.3269,7.3886
31-08-20_13:48,USD,7.3269,7.3886
31-08-20_13:49,USD,7.3238,7.3865
31-08-20_13:49,USD,7.3238,7.3865
31-08-20_13:50,USD,7.3238,7.3865
31-08-20_13:51,USD,7.3269,7.3891
31-08-20_13:51,USD,7.3269,7.3891
31-08-20_13:52,USD,7.3263,7.3891
31-08-20_13:52,USD,7.3263,7.3891
31-08-20_13:53,USD,7.3264,7.3891
31-08-20_13:54,USD,7.3264,7.3891
31-08-20_13:54,USD,7.3266,7.389
31-08-20_13:55,USD,7.3266,7.389
31-08-20_13:55,USD,7.3266,7.3882
31-08-20_13:56,USD,7.3266,7.3882
31-08-20_13:57,USD,7.3266,7.3882
31-08-20_13:57,USD,7.3259,7.3874
31-08-20_13:58,USD,7.3259,7.3874
31-08-20_13:59,USD,7.3255,7.3872
31-08-20_13:59,USD,7.3255,7.3872
31-08-20_14:00,USD,7.3241,7.3848
31-08-20_14:00,USD,7.3241,7.3848
31-08-20_14:01,USD,7.3246,7.3863
31-08-20_14:01,USD,7.3246,7.3863
31-08-20_14:02,USD,7.3251,7.3861
31-08-20_14:03,USD,7.3251,7.3861
31-08-20_14:03,USD,7.3251,7.3861
31-08-20_14:04,USD,7.3216,7.3848
31-08-20_14:05,USD,7.3216,7.3848
31-08-20_14:05,USD,7.3228,7.3846
31-08-20_14:06,USD,7.3228,7.3846
31-08-20_14:06,USD,7.3228,7.3853
31-08-20_14:07,USD,7.3228,7.3853
31-08-20_14:08,USD,7.3217,7.3859
31-08-20_14:08,USD,7.3217,7.3859
31-08-20_14:09,USD,7.3217,7.3859
31-08-20_14:09,USD,7.3206,7.3814
31-08-20_14:10,USD,7.3206,7.3814
31-08-20_14:11,USD,7.3209,7.3855
31-08-20_14:11,USD,7.3215,7.3847
31-08-20_14:12,USD,7.3211,7.3844
31-08-20_14:12,USD,7.3211,7.3844
31-08-20_14:13,USD,7.3209,7.3844
31-08-20_14:14,USD,7.3209,7.3844
31-08-20_14:14,USD,7.3212,7.3844
31-08-20_14:15,USD,7.3212,7.3844
31-08-20_14:15,USD,7.3212,7.3844
31-08-20_14:16,USD,7.322,7.3841
31-08-20_14:17,USD,7.322,7.3841
31-08-20_14:17,USD,7.3235,7.3853
31-08-20_14:18,USD,7.3235,7.3853
31-08-20_14:18,USD,7.3238,7.3859
31-08-20_14:19,USD,7.3238,7.3859
31-08-20_14:20,USD,7.3237,7.3862
31-08-20_14:20,USD,7.3237,7.3862
31-08-20_14:21,USD,7.3238,7.3861
31-08-20_14:21,USD,7.3238,7.3861
31-08-20_14:22,USD,7.3238,7.3861
31-08-20_14:23,USD,7.3224,7.3854
31-08-20_14:23,USD,7.3224,7.3854
31-08-20_14:24,USD,7.3232,7.3859
31-08-20_14:24,USD,7.3232,7.3859
31-08-20_14:25,USD,7.3235,7.3863
31-08-20_14:26,USD,7.3235,7.3863
31-08-20_14:26,USD,7.325,7.3869
31-08-20_14:27,USD,7.325,7.3869
31-08-20_14:27,USD,7.3231,7.3847
31-08-20_14:28,USD,7.3231,7.3847
31-08-20_14:29,USD,7.3231,7.3847
31-08-20_14:29,USD,7.3225,7.3851
31-08-20_14:30,USD,7.3225,7.3851
31-08-20_14:30,USD,7.3218,7.3846
31-08-20_14:31,USD,7.3218,7.3846
31-08-20_14:32,USD,7.322,7.3856
31-08-20_14:32,USD,7.322,7.3856
31-08-20_14:33,USD,7.3222,7.3858
31-08-20_14:33,USD,7.3222,7.3858
31-08-20_14:34,USD,7.323,7.3861
31-08-20_14:35,USD,7.3244,7.3865
31-08-20_14:35,USD,7.3244,7.3865
31-08-20_14:36,USD,7.3238,7.3861
31-08-20_14:37,USD,7.3238,7.3861
31-08-20_14:37,USD,7.3238,7.3861
31-08-20_14:38,USD,7.3238,7.3861
31-08-20_14:38,USD,7.3245,7.3863
31-08-20_14:39,USD,7.3251,7.3865
31-08-20_14:40,USD,7.3232,7.3857
31-08-20_14:40,USD,7.3232,7.3857
31-08-20_14:41,USD,7.32,7.3845
31-08-20_14:41,USD,7.32,7.3845
31-08-20_14:42,USD,7.32,7.3845
31-08-20_14:43,USD,7.3204,7.3853
31-08-20_14:43,USD,7.3243,7.3863
31-08-20_14:44,USD,7.3243,7.3863
31-08-20_14:44,USD,7.3243,7.3863
31-08-20_14:45,USD,7.3212,7.3825
31-08-20_14:46,USD,7.3212,7.3825
31-08-20_14:46,USD,7.3205,7.3842
31-08-20_14:47,USD,7.3205,7.3842
31-08-20_14:47,USD,7.3214,7.3836
31-08-20_14:48,USD,7.3214,7.3836
31-08-20_14:49,USD,7.3214,7.3836
31-08-20_14:49,USD,7.3215,7.3834
31-08-20_14:50,USD,7.3215,7.3834
31-08-20_14:50,USD,7.3199,7.3836
31-08-20_14:51,USD,7.3204,7.3843
31-08-20_14:52,USD,7.3206,7.3839
31-08-20_14:52,USD,7.3206,7.3839
31-08-20_14:53,USD,7.3225,7.3848
31-08-20_14:53,USD,7.3225,7.3848
31-08-20_14:54,USD,7.3221,7.3847
31-08-20_14:55,USD,7.3221,7.3847
31-08-20_14:55,USD,7.3222,7.3847
31-08-20_14:56,USD,7.3224,7.385
31-08-20_14:56,USD,7.3215,7.3847
31-08-20_14:57,USD,7.3215,7.3847
31-08-20_14:58,USD,7.3215,7.3847
31-08-20_14:58,USD,7.3207,7.3831
31-08-20_14:59,USD,7.3214,7.3848
31-08-20_15:00,USD,7.3208,7.383
31-08-20_15:00,USD,7.3208,7.383
31-08-20_15:01,USD,7.3208,7.383
31-08-20_15:01,USD,7.3208,7.383
31-08-20_15:02,USD,7.3208,7.383
31-08-20_15:02,USD,7.3208,7.383
31-08-20_15:03,USD,7.3207,7.3831
31-08-20_15:04,USD,7.3207,7.3831
31-08-20_15:04,USD,7.3207,7.3831
31-08-20_15:05,USD,7.3208,7.3831
31-08-20_15:05,USD,7.3208,7.3831
31-08-20_15:06,USD,7.3208,7.3831
31-08-20_15:07,USD,7.321,7.3826
31-08-20_15:07,USD,7.3216,7.3816
31-08-20_15:08,USD,7.3216,7.3816
31-08-20_15:09,USD,7.3215,7.3818
31-08-20_15:09,USD,7.3215,7.3818
31-08-20_15:10,USD,7.3215,7.3818
31-08-20_15:10,USD,7.3225,7.383
31-08-20_15:11,USD,7.3241,7.3852
31-08-20_15:12,USD,7.3227,7.3849
31-08-20_15:12,USD,7.3227,7.3849
31-08-20_15:13,USD,7.322,7.3835
31-08-20_15:13,USD,7.322,7.3835
31-08-20_15:14,USD,7.322,7.3835
31-08-20_15:15,USD,7.3226,7.3839
31-08-20_15:15,USD,7.3215,7.3831
31-08-20_15:16,USD,7.321,7.3823
31-08-20_15:16,USD,7.3227,7.3849
31-08-20_15:17,USD,7.3227,7.3849
31-08-20_15:18,USD,7.3227,7.3849
31-08-20_15:18,USD,7.3237,7.3853
31-08-20_15:19,USD,7.3237,7.3853
31-08-20_15:19,USD,7.3236,7.3854
31-08-20_15:20,USD,7.3236,7.3854
31-08-20_15:21,USD,7.3235,7.3856
31-08-20_15:21,USD,7.3235,7.3856
31-08-20_15:22,USD,7.3235,7.3856
31-08-20_15:22,USD,7.3245,7.3858
31-08-20_15:23,USD,7.3245,7.3858
31-08-20_15:24,USD,7.3235,7.3856
31-08-20_15:24,USD,7.3235,7.3856
31-08-20_15:25,USD,7.3235,7.3856
31-08-20_15:25,USD,7.3249,7.3858
31-08-20_15:26,USD,7.3249,7.3858
31-08-20_15:27,USD,7.3236,7.3851
31-08-20_15:27,USD,7.3236,7.3851
31-08-20_15:28,USD,7.3236,7.3851
31-08-20_15:28,USD,7.3237,7.3851
31-08-20_15:29,USD,7.3237,7.3851
31-08-20_15:30,USD,7.3237,7.3851
31-08-20_15:30,USD,7.3237,7.3851
31-08-20_15:31,USD,7.3237,7.3851
31-08-20_15:31,USD,7.3237,7.3851
31-08-20_15:32,USD,7.3234,7.3845
31-08-20_15:33,USD,7.3234,7.3845
31-08-20_15:33,USD,7.3235,7.3845
31-08-20_15:34,USD,7.3225,7.3837
31-08-20_15:34,USD,7.3233,7.3845
31-08-20_15:35,USD,7.3233,7.3845
31-08-20_15:36,USD,7.324,7.3844
31-08-20_15:36,USD,7.324,7.3844
31-08-20_15:37,USD,7.3242,7.3844
31-08-20_15:37,USD,7.3242,7.3844
31-08-20_15:38,USD,7.3242,7.3844
31-08-20_15:39,USD,7.3236,7.3844
31-08-20_15:39,USD,7.3236,7.3844
31-08-20_15:40,USD,7.3236,7.3844
31-08-20_15:40,USD,7.3234,7.3845
31-08-20_15:41,USD,7.3234,7.3845
31-08-20_15:42,USD,7.3234,7.3845
31-08-20_15:42,USD,7.3234,7.3845
31-08-20_15:43,USD,7.3235,7.3844
31-08-20_15:43,USD,7.3235,7.3844
31-08-20_15:44,USD,7.3235,7.3844
31-08-20_15:45,USD,7.3235,7.3844
31-08-20_15:45,USD,7.3236,7.3846
31-08-20_15:46,USD,7.3236,7.3845
31-08-20_15:46,USD,7.3236,7.3838
31-08-20_15:47,USD,7.3236,7.3838
31-08-20_15:48,USD,7.3236,7.3845
31-08-20_15:48,USD,7.3236,7.3845
31-08-20_15:49,USD,7.3236,7.3845
31-08-20_15:49,USD,7.3236,7.3845
31-08-20_15:50,USD,7.3236,7.3845
31-08-20_15:51,USD,7.3236,7.3847
31-08-20_15:51,USD,7.3236,7.3847
31-08-20_15:52,USD,7.3236,7.3847
31-08-20_15:52,USD,7.3236,7.3847
31-08-20_15:53,USD,7.3236,7.3847
31-08-20_15:54,USD,7.3236,7.3847
31-08-20_15:54,USD,7.3236,7.3847
31-08-20_15:55,USD,7.3236,7.3847
31-08-20_15:55,USD,7.3236,7.3847
31-08-20_15:56,USD,7.3242,7.3847
31-08-20_15:57,USD,7.3242,7.3847
31-08-20_15:57,USD,7.3242,7.3847
31-08-20_15:58,USD,7.3242,7.3847
31-08-20_15:58,USD,7.3241,7.3847
31-08-20_15:59,USD,7.3241,7.3847
31-08-20_16:00,USD,7.3236,7.3846
31-08-20_16:00,USD,7.3236,7.3846
31-08-20_16:01,USD,7.3236,7.3846
31-08-20_16:01,USD,7.3236,7.3846
31-08-20_16:02,USD,7.3236,7.3846
31-08-20_16:03,USD,7.324,7.3847
31-08-20_16:03,USD,7.324,7.3847
31-08-20_16:04,USD,7.3239,7.3846
31-08-20_16:04,USD,7.3239,7.3846
31-08-20_16:05,USD,7.3242,7.3841
31-08-20_16:06,USD,7.3242,7.3841
31-08-20_16:06,USD,7.3233,7.384
31-08-20_16:07,USD,7.3233,7.384
31-08-20_16:08,USD,7.3233,7.384
31-08-20_16:08,USD,7.3243,7.3841
31-08-20_16:09,USD,7.3243,7.3841
31-08-20_16:09,USD,7.3243,7.384
31-08-20_16:10,USD,7.3243,7.384
31-08-20_16:11,USD,7.3233,7.384
31-08-20_16:11,USD,7.3233,7.384
31-08-20_16:12,USD,7.3243,7.3842
31-08-20_16:12,USD,7.3243,7.3842
31-08-20_16:13,USD,7.3243,7.3842
31-08-20_16:14,USD,7.3236,7.3836
31-08-20_16:14,USD,7.3236,7.3836
31-08-20_16:15,USD,7.3234,7.3832
31-08-20_16:15,USD,7.3234,7.3832
31-08-20_16:16,USD,7.3233,7.3832
31-08-20_16:17,USD,7.3233,7.3832
31-08-20_16:17,USD,7.3231,7.3825
31-08-20_16:18,USD,7.3231,7.3825
31-08-20_16:18,USD,7.3218,7.3823
31-08-20_16:19,USD,7.3218,7.3823
31-08-20_16:20,USD,7.3218,7.3823
31-08-20_16:20,USD,7.322,7.3823
31-08-20_16:21,USD,7.322,7.3823
31-08-20_16:21,USD,7.3217,7.3823
31-08-20_16:22,USD,7.3217,7.3823
31-08-20_16:23,USD,7.3194,7.3809
31-08-20_16:23,USD,7.3194,7.3809
31-08-20_16:24,USD,7.3192,7.3804
31-08-20_16:24,USD,7.3192,7.3804
31-08-20_16:25,USD,7.32,7.3806
31-08-20_16:26,USD,7.32,7.3806
31-08-20_16:26,USD,7.32,7.3806
31-08-20_16:27,USD,7.315,7.3774
31-08-20_16:27,USD,7.315,7.3774
31-08-20_16:28,USD,7.3169,7.3804
31-08-20_16:29,USD,7.3169,7.3804
31-08-20_16:29,USD,7.311,7.3752
31-08-20_16:30,USD,7.311,7.3752
31-08-20_16:31,USD,7.3121,7.3767
31-08-20_16:31,USD,7.3121,7.3767
31-08-20_16:32,USD,7.3137,7.3754
31-08-20_16:32,USD,7.3137,7.3754
31-08-20_16:33,USD,7.3137,7.3754
31-08-20_16:34,USD,7.3144,7.376
31-08-20_16:34,USD,7.3144,7.376
31-08-20_16:35,USD,7.313,7.3759
31-08-20_16:35,USD,7.313,7.3759
31-08-20_16:36,USD,7.3139,7.3757
31-08-20_16:37,USD,7.3139,7.3757
31-08-20_16:37,USD,7.3125,7.3757
31-08-20_16:38,USD,7.3125,7.3757
31-08-20_16:38,USD,7.3141,7.3764
31-08-20_16:39,USD,7.3141,7.3764
31-08-20_16:40,USD,7.3141,7.3764
31-08-20_16:40,USD,7.3154,7.3761
31-08-20_16:41,USD,7.3154,7.3761
31-08-20_16:41,USD,7.316,7.3786
31-08-20_16:42,USD,7.316,7.3786
31-08-20_16:43,USD,7.3159,7.3773
31-08-20_16:43,USD,7.3159,7.3773
31-08-20_16:44,USD,7.316,7.3785
31-08-20_16:44,USD,7.316,7.3785
31-08-20_16:45,USD,7.3193,7.3812
31-08-20_16:46,USD,7.3193,7.3812
31-08-20_16:46,USD,7.3193,7.3812
31-08-20_16:47,USD,7.3191,7.3807
31-08-20_16:47,USD,7.3191,7.3807
31-08-20_16:48,USD,7.3194,7.3811
31-08-20_16:49,USD,7.3194,7.3811
31-08-20_16:49,USD,7.3193,7.3813
31-08-20_16:50,USD,7.3193,7.3813
31-08-20_16:50,USD,7.3224,7.3828
31-08-20_16:51,USD,7.3224,7.3828
31-08-20_16:52,USD,7.3224,7.3828
31-08-20_16:52,USD,7.3224,7.3828
31-08-20_16:53,USD,7.3224,7.3828
31-08-20_16:53,USD,7.3221,7.3821
31-08-20_16:54,USD,7.3221,7.3821
31-08-20_16:55,USD,7.3221,7.3821
31-08-20_16:55,USD,7.3221,7.3821
31-08-20_16:56,USD,7.3222,7.3822
31-08-20_16:56,USD,7.3222,7.3822
31-08-20_16:57,USD,7.3195,7.3809
31-08-20_16:58,USD,7.3195,7.3809
31-08-20_16:58,USD,7.3195,7.3809
31-08-20_16:59,USD,7.3199,7.3814
31-08-20_16:59,USD,7.3199,7.3814
31-08-20_17:00,USD,7.3196,7.3813
31-08-20_17:01,USD,7.3196,7.3813
31-08-20_17:01,USD,7.3199,7.3821
31-08-20_17:02,USD,7.3199,7.3821
31-08-20_17:03,USD,7.323,7.3844
31-08-20_17:03,USD,7.323,7.3844
31-08-20_17:04,USD,7.3229,7.3845
31-08-20_17:04,USD,7.3229,7.3845
31-08-20_17:05,USD,7.3229,7.3845
31-08-20_17:06,USD,7.3232,7.3847
31-08-20_17:06,USD,7.3232,7.3847
31-08-20_17:07,USD,7.3221,7.3837
31-08-20_17:07,USD,7.3221,7.3837
31-08-20_17:08,USD,7.3225,7.3834
31-08-20_17:09,USD,7.3225,7.3834
31-08-20_17:09,USD,7.3228,7.3833
31-08-20_17:10,USD,7.3228,7.3833
31-08-20_17:10,USD,7.3226,7.3833
31-08-20_17:11,USD,7.3226,7.3833
31-08-20_17:12,USD,7.323,7.3828
31-08-20_17:12,USD,7.323,7.3828
31-08-20_17:13,USD,7.3226,7.384
31-08-20_17:14,USD,7.3226,7.384
31-08-20_17:14,USD,7.3226,7.384
31-08-20_17:15,USD,7.3209,7.3823
31-08-20_17:15,USD,7.3209,7.3823
31-08-20_17:16,USD,7.3209,7.3822
31-08-20_17:17,USD,7.3209,7.3822
31-08-20_17:17,USD,7.321,7.3824
31-08-20_17:18,USD,7.321,7.3824
31-08-20_17:18,USD,7.3215,7.3829
31-08-20_17:19,USD,7.3215,7.3829
31-08-20_17:20,USD,7.3214,7.3828
31-08-20_17:20,USD,7.3214,7.3828
31-08-20_17:21,USD,7.3214,7.3828
31-08-20_17:22,USD,7.3212,7.3825
31-08-20_17:22,USD,7.3212,7.3825
31-08-20_17:23,USD,7.3212,7.3825
31-08-20_17:23,USD,7.3212,7.3825
31-08-20_17:24,USD,7.3219,7.3834
31-08-20_17:25,USD,7.3219,7.3834
31-08-20_17:25,USD,7.3223,7.3838
31-08-20_17:26,USD,7.3223,7.3838
31-08-20_17:27,USD,7.3255,7.3869
31-08-20_17:27,USD,7.3255,7.3869
31-08-20_17:28,USD,7.3255,7.3873
31-08-20_17:28,USD,7.3255,7.3873
31-08-20_17:29,USD,7.3247,7.3869
31-08-20_17:30,USD,7.3247,7.3869
31-08-20_17:30,USD,7.3247,7.3869
31-08-20_17:31,USD,7.3245,7.3868
31-08-20_17:31,USD,7.3245,7.3868
31-08-20_17:32,USD,7.3277,7.3895
31-08-20_17:33,USD,7.3277,7.3895
31-08-20_17:33,USD,7.329,7.3888
31-08-20_17:34,USD,7.329,7.3888
31-08-20_17:34,USD,7.329,7.3888
31-08-20_17:35,USD,7.329,7.3888
31-08-20_17:36,USD,7.3297,7.3898
31-08-20_17:36,USD,7.3297,7.3898
31-08-20_17:37,USD,7.3297,7.3898
31-08-20_17:38,USD,7.3304,7.3898
31-08-20_17:38,USD,7.3304,7.3898
31-08-20_17:39,USD,7.3302,7.3898
31-08-20_17:39,USD,7.3302,7.3898
31-08-20_17:40,USD,7.3288,7.389
31-08-20_17:41,USD,7.3288,7.389
31-08-20_17:41,USD,7.3293,7.389
31-08-20_17:42,USD,7.3293,7.389
31-08-20_17:42,USD,7.3294,7.389
31-08-20_17:43,USD,7.3294,7.389
31-08-20_17:44,USD,7.3294,7.389
31-08-20_17:44,USD,7.3295,7.3892
31-08-20_17:45,USD,7.3295,7.3892
31-08-20_17:45,USD,7.3295,7.3891
31-08-20_17:46,USD,7.3295,7.3891
31-08-20_17:47,USD,7.3293,7.3892
31-08-20_17:47,USD,7.3293,7.3892
31-08-20_17:48,USD,7.3292,7.3892
31-08-20_17:48,USD,7.3292,7.3892
31-08-20_17:49,USD,7.33,7.3898
31-08-20_17:50,USD,7.33,7.3898
31-08-20_17:50,USD,7.33,7.3898
31-08-20_17:51,USD,7.33,7.3898
31-08-20_17:51,USD,7.33,7.3898
31-08-20_17:52,USD,7.3299,7.3898
31-08-20_17:53,USD,7.3299,7.3898
31-08-20_17:53,USD,7.3326,7.3927
31-08-20_17:54,USD,7.3326,7.3927
31-08-20_17:54,USD,7.3338,7.3929
31-08-20_17:55,USD,7.3338,7.3929
31-08-20_17:56,USD,7.3338,7.3929
31-08-20_17:56,USD,7.3331,7.3931
31-08-20_17:57,USD,7.3331,7.3931
31-08-20_17:57,USD,7.3332,7.3959
31-08-20_17:58,USD,7.3332,7.3959
31-08-20_17:59,USD,7.335,7.3983
31-08-20_17:59,USD,7.335,7.3983
01-09-20_09:00,USD,7.3125,7.3878
01-09-20_09:00,USD,7.3125,7.3878
01-09-20_09:01,USD,7.3083,7.3863
01-09-20_09:02,USD,7.3083,7.3863
01-09-20_09:02,USD,7.3083,7.3863
01-09-20_09:03,USD,7.3083,7.3863
01-09-20_09:03,USD,7.3063,7.3846
01-09-20_09:04,USD,7.3063,7.3846
01-09-20_09:05,USD,7.3063,7.3846
01-09-20_09:05,USD,7.3064,7.3857
01-09-20_09:06,USD,7.3064,7.3857
01-09-20_09:06,USD,7.3064,7.3848
01-09-20_09:07,USD,7.3064,7.3848
01-09-20_09:08,USD,7.3104,7.3845
01-09-20_09:08,USD,7.3104,7.3845
01-09-20_09:09,USD,7.3125,7.3839
01-09-20_09:09,USD,7.3125,7.3839
01-09-20_09:10,USD,7.3116,7.3835
01-09-20_09:11,USD,7.3116,7.3835
01-09-20_09:11,USD,7.3116,7.3835
01-09-20_09:12,USD,7.3131,7.3846
01-09-20_09:12,USD,7.3131,7.3846
01-09-20_09:13,USD,7.3136,7.3831
01-09-20_09:14,USD,7.3136,7.3831
01-09-20_09:14,USD,7.3127,7.3836
01-09-20_09:15,USD,7.3127,7.3836
01-09-20_09:15,USD,7.3141,7.3868
01-09-20_09:16,USD,7.3141,7.3868
01-09-20_09:17,USD,7.3141,7.3868
01-09-20_09:17,USD,7.3147,7.3845
01-09-20_09:18,USD,7.3147,7.3845
01-09-20_09:18,USD,7.3149,7.3836
01-09-20_09:19,USD,7.3149,7.3836
01-09-20_09:20,USD,7.3149,7.3872
01-09-20_09:20,USD,7.3149,7.3872
01-09-20_09:21,USD,7.3137,7.3812
01-09-20_09:21,USD,7.3137,7.3812
01-09-20_09:22,USD,7.3137,7.3812
01-09-20_09:23,USD,7.3139,7.3848
01-09-20_09:23,USD,7.3139,7.3848
01-09-20_09:24,USD,7.3103,7.3836
01-09-20_09:24,USD,7.3103,7.3836
01-09-20_09:25,USD,7.3103,7.3838
01-09-20_09:26,USD,7.3103,7.3838
01-09-20_09:26,USD,7.3101,7.3837
01-09-20_09:27,USD,7.3101,7.3837
01-09-20_09:27,USD,7.3119,7.3832
01-09-20_09:28,USD,7.3119,7.3832
01-09-20_09:29,USD,7.3119,7.3832
01-09-20_09:29,USD,7.3119,7.3826
01-09-20_09:30,USD,7.3119,7.3826
01-09-20_09:31,USD,7.312,7.3824
01-09-20_09:31,USD,7.312,7.3824
01-09-20_09:32,USD,7.3116,7.3824
01-09-20_09:32,USD,7.3116,7.3824
01-09-20_09:33,USD,7.3155,7.3832
01-09-20_09:34,USD,7.3155,7.3832
01-09-20_09:34,USD,7.3171,7.3869
01-09-20_09:35,USD,7.3171,7.3869
01-09-20_09:35,USD,7.3171,7.3869
01-09-20_09:36,USD,7.3194,7.3854
01-09-20_09:37,USD,7.3194,7.3854
01-09-20_09:37,USD,7.3151,7.3876
01-09-20_09:38,USD,7.3151,7.3876
01-09-20_09:38,USD,7.3188,7.3857
01-09-20_09:39,USD,7.3188,7.3857
01-09-20_09:40,USD,7.3187,7.3852
01-09-20_09:40,USD,7.3187,7.3852
01-09-20_09:41,USD,7.3215,7.3861
01-09-20_09:41,USD,7.3215,7.3861
01-09-20_09:42,USD,7.3215,7.3861
01-09-20_09:43,USD,7.3253,7.387
01-09-20_09:43,USD,7.3253,7.387
01-09-20_09:44,USD,7.3276,7.3923
01-09-20_09:44,USD,7.3276,7.3923
01-09-20_09:45,USD,7.3307,7.3928
01-09-20_09:46,USD,7.3307,7.3928
01-09-20_09:46,USD,7.3303,7.3921
01-09-20_09:47,USD,7.3303,7.3921
01-09-20_09:47,USD,7.332,7.3947
01-09-20_09:48,USD,7.332,7.3947
01-09-20_09:49,USD,7.3321,7.3944
01-09-20_09:49,USD,7.3321,7.3944
01-09-20_09:50,USD,7.3367,7.3968
01-09-20_09:51,USD,7.3367,7.3968
01-09-20_09:51,USD,7.3367,7.3968
01-09-20_09:52,USD,7.3329,7.3956
01-09-20_09:53,USD,7.3329,7.3956
01-09-20_09:53,USD,7.3323,7.3957
01-09-20_09:54,USD,7.3323,7.3957
01-09-20_09:54,USD,7.3334,7.3962
01-09-20_09:55,USD,7.3334,7.3962
01-09-20_09:56,USD,7.3344,7.3968
01-09-20_09:56,USD,7.3344,7.3968
01-09-20_09:57,USD,7.3348,7.3982
01-09-20_09:57,USD,7.3348,7.3982
01-09-20_09:58,USD,7.3381,7.3996
01-09-20_09:59,USD,7.3381,7.3996
01-09-20_09:59,USD,7.3381,7.3996
01-09-20_10:00,USD,7.339,7.4006
01-09-20_10:00,USD,7.339,7.4006
01-09-20_10:01,USD,7.3388,7.3997
01-09-20_10:02,USD,7.3388,7.3997
01-09-20_10:02,USD,7.339,7.4009
01-09-20_10:03,USD,7.339,7.4009
01-09-20_10:03,USD,7.3408,7.4016
01-09-20_10:04,USD,7.3408,7.4016
01-09-20_10:05,USD,7.3408,7.4016
01-09-20_10:05,USD,7.3416,7.4013
01-09-20_10:06,USD,7.3416,7.4013
01-09-20_10:06,USD,7.3416,7.4013
01-09-20_10:07,USD,7.3416,7.4013
01-09-20_10:08,USD,7.3406,7.4017
01-09-20_10:08,USD,7.3406,7.4017
01-09-20_10:09,USD,7.3422,7.4023
01-09-20_10:09,USD,7.3422,7.4023
01-09-20_10:10,USD,7.3427,7.403
01-09-20_10:11,USD,7.3427,7.403
01-09-20_10:11,USD,7.3427,7.403
01-09-20_10:12,USD,7.3426,7.4028
01-09-20_10:13,USD,7.3426,7.4028
01-09-20_10:13,USD,7.3417,7.4031
01-09-20_10:14,USD,7.3417,7.4031
01-09-20_10:14,USD,7.3417,7.4031
01-09-20_10:15,USD,7.3417,7.4031
01-09-20_10:16,USD,7.339,7.4019
01-09-20_10:16,USD,7.339,7.4019
01-09-20_10:17,USD,7.339,7.4019
01-09-20_10:17,USD,7.339,7.4019
01-09-20_10:18,USD,7.339,7.4019
01-09-20_10:19,USD,7.3382,7.4017
01-09-20_10:19,USD,7.3382,7.4017
01-09-20_10:20,USD,7.3405,7.4021
01-09-20_10:20,USD,7.3405,7.4021
01-09-20_10:21,USD,7.3408,7.4031
01-09-20_10:22,USD,7.3408,7.4031
01-09-20_10:22,USD,7.341,7.403
01-09-20_10:23,USD,7.341,7.403
01-09-20_10:23,USD,7.341,7.403
01-09-20_10:24,USD,7.3419,7.4031
01-09-20_10:25,USD,7.3419,7.4031
01-09-20_10:25,USD,7.3418,7.4028
01-09-20_10:26,USD,7.3418,7.4028
01-09-20_10:26,USD,7.3413,7.4019
01-09-20_10:27,USD,7.3413,7.4019
01-09-20_10:28,USD,7.341,7.401
01-09-20_10:28,USD,7.341,7.401
01-09-20_10:29,USD,7.3408,7.4007
01-09-20_10:29,USD,7.3408,7.4007
01-09-20_10:30,USD,7.3404,7.401
01-09-20_10:31,USD,7.3404,7.401
01-09-20_10:31,USD,7.3404,7.401
01-09-20_10:32,USD,7.3399,7.4004
01-09-20_10:32,USD,7.3399,7.4004
01-09-20_10:33,USD,7.34,7.4004
01-09-20_10:34,USD,7.34,7.4004
01-09-20_10:34,USD,7.34,7.4004
01-09-20_10:35,USD,7.34,7.4004
01-09-20_10:36,USD,7.3407,7.4014
01-09-20_10:36,USD,7.3407,7.4014
01-09-20_10:37,USD,7.3407,7.4014
01-09-20_10:37,USD,7.3408,7.4014
01-09-20_10:38,USD,7.3408,7.4014
01-09-20_10:39,USD,7.3411,7.4014
01-09-20_10:39,USD,7.3411,7.4014
01-09-20_10:40,USD,7.3412,7.4014
01-09-20_10:40,USD,7.3412,7.4014
01-09-20_10:41,USD,7.3417,7.4021
01-09-20_10:42,USD,7.3417,7.4021
01-09-20_10:42,USD,7.342,7.4027
01-09-20_10:43,USD,7.342,7.4027
01-09-20_10:43,USD,7.342,7.4027
01-09-20_10:44,USD,7.3429,7.4027
01-09-20_10:45,USD,7.3429,7.4027
01-09-20_10:45,USD,7.3437,7.4033
01-09-20_10:46,USD,7.3437,7.4033
01-09-20_10:46,USD,7.3434,7.4031
01-09-20_10:47,USD,7.3434,7.4031
01-09-20_10:48,USD,7.345,7.4048
01-09-20_10:48,USD,7.345,7.4048
01-09-20_10:49,USD,7.3438,7.4041
01-09-20_10:49,USD,7.3438,7.4041
01-09-20_10:50,USD,7.3438,7.4041
01-09-20_10:51,USD,7.3442,7.4041
01-09-20_10:51,USD,7.3442,7.4041
01-09-20_10:52,USD,7.3435,7.404
01-09-20_10:52,USD,7.3435,7.404
01-09-20_10:53,USD,7.3439,7.4041
01-09-20_10:54,USD,7.3439,7.4041
01-09-20_10:54,USD,7.3443,7.4041
01-09-20_10:55,USD,7.3443,7.4041
01-09-20_10:55,USD,7.344,7.4047
01-09-20_10:56,USD,7.344,7.4047
01-09-20_10:57,USD,7.344,7.4047
01-09-20_10:57,USD,7.3443,7.4048
01-09-20_10:58,USD,7.3443,7.4048
01-09-20_10:58,USD,7.3466,7.4073
01-09-20_10:59,USD,7.3466,7.4073
01-09-20_11:00,USD,7.3461,7.4079
01-09-20_11:00,USD,7.3461,7.4079
01-09-20_11:01,USD,7.3457,7.4069
01-09-20_11:01,USD,7.3457,7.4069
01-09-20_11:02,USD,7.3457,7.4069
01-09-20_11:03,USD,7.3457,7.4069
01-09-20_11:03,USD,7.3457,7.4069
01-09-20_11:04,USD,7.3479,7.4081
01-09-20_11:04,USD,7.3479,7.4081
01-09-20_11:05,USD,7.3481,7.4077
01-09-20_11:06,USD,7.3481,7.4077
01-09-20_11:06,USD,7.3487,7.4076
01-09-20_11:07,USD,7.3487,7.4076
01-09-20_11:08,USD,7.3484,7.4089
01-09-20_11:08,USD,7.3484,7.4089
01-09-20_11:09,USD,7.3479,7.4076
01-09-20_11:09,USD,7.3479,7.4076
01-09-20_11:10,USD,7.3479,7.4076
01-09-20_11:11,USD,7.3481,7.409
01-09-20_11:11,USD,7.3481,7.409
01-09-20_11:12,USD,7.3481,7.4075
01-09-20_11:12,USD,7.3481,7.4075
01-09-20_11:13,USD,7.3482,7.4077
01-09-20_11:14,USD,7.3482,7.4077
01-09-20_11:14,USD,7.3464,7.4075
01-09-20_11:15,USD,7.3464,7.4075
01-09-20_11:15,USD,7.3484,7.4073
01-09-20_11:16,USD,7.3484,7.4073
01-09-20_11:17,USD,7.3484,7.4073
01-09-20_11:17,USD,7.3468,7.4066
01-09-20_11:18,USD,7.3468,7.4066
01-09-20_11:18,USD,7.3475,7.4066
01-09-20_11:19,USD,7.3475,7.4066
01-09-20_11:20,USD,7.3472,7.4066
01-09-20_11:20,USD,7.3472,7.4066
01-09-20_11:21,USD,7.3473,7.4068
01-09-20_11:21,USD,7.3473,7.4068
01-09-20_11:22,USD,7.3473,7.4068
01-09-20_11:23,USD,7.3455,7.4054
01-09-20_11:23,USD,7.3455,7.4054
01-09-20_11:24,USD,7.3439,7.4044
01-09-20_11:24,USD,7.3439,7.4044
01-09-20_11:25,USD,7.3446,7.4037
01-09-20_11:26,USD,7.3446,7.4037
01-09-20_11:26,USD,7.3397,7.4025
01-09-20_11:27,USD,7.3397,7.4025
01-09-20_11:27,USD,7.3369,7.4006
01-09-20_11:28,USD,7.3369,7.4006
01-09-20_11:29,USD,7.3369,7.4006
01-09-20_11:29,USD,7.3354,7.399
01-09-20_11:30,USD,7.3354,7.399
01-09-20_11:31,USD,7.3385,7.4014
01-09-20_11:31,USD,7.3385,7.4014
01-09-20_11:32,USD,7.3406,7.4034
01-09-20_11:32,USD,7.3406,7.4034
01-09-20_11:33,USD,7.3407,7.4033
01-09-20_11:34,USD,7.3407,7.4033
01-09-20_11:34,USD,7.3423,7.4037
01-09-20_11:35,USD,7.3423,7.4037
01-09-20_11:35,USD,7.3423,7.4037
01-09-20_11:36,USD,7.3431,7.4048
01-09-20_11:37,USD,7.3431,7.4048
01-09-20_11:37,USD,7.3425,7.4047
01-09-20_11:38,USD,7.3425,7.4047
01-09-20_11:38,USD,7.3424,7.4046
01-09-20_11:39,USD,7.3424,7.4046
01-09-20_11:40,USD,7.3446,7.4055
01-09-20_11:40,USD,7.3446,7.4055
01-09-20_11:41,USD,7.3425,7.4047
01-09-20_11:41,USD,7.3425,7.4047
01-09-20_11:42,USD,7.3425,7.4047
01-09-20_11:43,USD,7.3423,7.4045
01-09-20_11:43,USD,7.3423,7.4045
01-09-20_11:44,USD,7.3438,7.4057
01-09-20_11:44,USD,7.3438,7.4057
01-09-20_11:45,USD,7.3392,7.4013
01-09-20_11:46,USD,7.3392,7.4013
01-09-20_11:46,USD,7.3411,7.404
01-09-20_11:47,USD,7.3411,7.404
01-09-20_11:47,USD,7.3421,7.4045
01-09-20_11:48,USD,7.3421,7.4045
01-09-20_11:49,USD,7.3421,7.4045
01-09-20_11:49,USD,7.3436,7.4057
01-09-20_11:50,USD,7.3436,7.4057
01-09-20_11:50,USD,7.3435,7.4062
01-09-20_11:51,USD,7.3435,7.4062
01-09-20_11:52,USD,7.3433,7.4051
01-09-20_11:52,USD,7.3433,7.4051
01-09-20_11:53,USD,7.3432,7.4054
01-09-20_11:53,USD,7.3432,7.4054
01-09-20_11:54,USD,7.3432,7.4054
01-09-20_11:55,USD,7.3432,7.4054
01-09-20_11:55,USD,7.3432,7.4054
01-09-20_11:56,USD,7.3443,7.4055
01-09-20_11:57,USD,7.3443,7.4055
01-09-20_11:57,USD,7.3443,7.4055
01-09-20_11:58,USD,7.3443,7.4055
01-09-20_11:58,USD,7.3479,7.4073
01-09-20_11:59,USD,7.3479,7.4073
01-09-20_12:00,USD,7.3478,7.4073
01-09-20_12:00,USD,7.3478,7.4073
01-09-20_12:01,USD,7.3482,7.4073
01-09-20_12:01,USD,7.3482,7.4073
01-09-20_12:02,USD,7.3482,7.4073
01-09-20_12:03,USD,7.3482,7.4073
01-09-20_12:03,USD,7.3482,7.4073
01-09-20_12:04,USD,7.3476,7.4072
01-09-20_12:04,USD,7.3476,7.4072
01-09-20_12:05,USD,7.3466,7.4073
01-09-20_12:06,USD,7.3466,7.4073
01-09-20_12:06,USD,7.3463,7.4068
01-09-20_12:07,USD,7.3463,7.4068
01-09-20_12:07,USD,7.3461,7.4073
01-09-20_12:08,USD,7.3461,7.4073
01-09-20_12:09,USD,7.3461,7.4073
01-09-20_12:09,USD,7.3467,7.4073
01-09-20_12:10,USD,7.3467,7.4073
01-09-20_12:10,USD,7.3466,7.4073
01-09-20_12:11,USD,7.3466,7.4073
01-09-20_12:12,USD,7.3462,7.4072
01-09-20_12:12,USD,7.3462,7.4072
01-09-20_12:13,USD,7.3461,7.407
01-09-20_12:13,USD,7.3461,7.407
01-09-20_12:14,USD,7.346,7.4068
01-09-20_12:15,USD,7.346,7.4068
01-09-20_12:15,USD,7.346,7.4068
01-09-20_12:16,USD,7.3446,7.406
01-09-20_12:17,USD,7.3446,7.406
01-09-20_12:17,USD,7.3441,7.4058
01-09-20_12:18,USD,7.3441,7.4058
01-09-20_12:18,USD,7.3441,7.4057
01-09-20_12:19,USD,7.3441,7.4057
01-09-20_12:20,USD,7.344,7.4058
01-09-20_12:20,USD,7.344,7.4058
01-09-20_12:21,USD,7.344,7.4058
01-09-20_12:21,USD,7.3442,7.4058
01-09-20_12:22,USD,7.3442,7.4058
01-09-20_12:23,USD,7.344,7.4057
01-09-20_12:23,USD,7.344,7.4057
01-09-20_12:24,USD,7.3445,7.4059
01-09-20_12:24,USD,7.3445,7.4059
01-09-20_12:25,USD,7.3444,7.4058
01-09-20_12:26,USD,7.3444,7.4058
01-09-20_12:26,USD,7.3444,7.4054
01-09-20_12:27,USD,7.3444,7.4054
01-09-20_12:27,USD,7.345,7.4067
01-09-20_12:28,USD,7.345,7.4067
01-09-20_12:29,USD,7.345,7.4067
01-09-20_12:29,USD,7.3449,7.406
01-09-20_12:30,USD,7.3449,7.406
01-09-20_12:30,USD,7.345,7.406
01-09-20_12:31,USD,7.345,7.406
01-09-20_12:32,USD,7.3446,7.406
01-09-20_12:32,USD,7.3446,7.406
01-09-20_12:33,USD,7.346,7.406
01-09-20_12:34,USD,7.346,7.406
01-09-20_12:34,USD,7.3454,7.4061
01-09-20_12:35,USD,7.3456,7.4061
01-09-20_12:35,USD,7.3454,7.4061
01-09-20_12:36,USD,7.3453,7.4059
01-09-20_12:37,USD,7.3453,7.4059
01-09-20_12:37,USD,7.3446,7.4057
01-09-20_12:38,USD,7.3446,7.4057
01-09-20_12:38,USD,7.3442,7.4053
01-09-20_12:39,USD,7.3442,7.4053
01-09-20_12:40,USD,7.3442,7.4043
01-09-20_12:40,USD,7.3442,7.4043
01-09-20_12:41,USD,7.3439,7.4043
01-09-20_12:41,USD,7.3439,7.4043
01-09-20_12:42,USD,7.3439,7.4043
01-09-20_12:43,USD,7.3427,7.403
01-09-20_12:43,USD,7.3427,7.403
01-09-20_12:44,USD,7.3426,7.403
01-09-20_12:44,USD,7.3426,7.403
01-09-20_12:45,USD,7.3421,7.4036
01-09-20_12:46,USD,7.3421,7.4036
01-09-20_12:46,USD,7.3421,7.4028
01-09-20_12:47,USD,7.3421,7.4028
01-09-20_12:47,USD,7.3431,7.4042
01-09-20_12:48,USD,7.3431,7.4042
01-09-20_12:49,USD,7.3431,7.4042
01-09-20_12:49,USD,7.3437,7.4043
01-09-20_12:50,USD,7.3437,7.4043
01-09-20_12:51,USD,7.3429,7.4037
01-09-20_12:51,USD,7.3429,7.4037
01-09-20_12:52,USD,7.3422,7.403
01-09-20_12:52,USD,7.3422,7.403
01-09-20_12:53,USD,7.3413,7.4024
01-09-20_12:54,USD,7.3413,7.4024
01-09-20_12:54,USD,7.3418,7.4028
01-09-20_12:55,USD,7.3418,7.4028
01-09-20_12:55,USD,7.34,7.4014
01-09-20_12:56,USD,7.34,7.4014
01-09-20_12:57,USD,7.34,7.4014
01-09-20_12:57,USD,7.3399,7.4018
01-09-20_12:58,USD,7.3399,7.4018
01-09-20_12:59,USD,7.3413,7.4026
01-09-20_12:59,USD,7.3413,7.4026
01-09-20_13:00,USD,7.3405,7.4032
01-09-20_13:00,USD,7.3405,7.4032
01-09-20_13:01,USD,7.3415,7.4038
01-09-20_13:02,USD,7.3415,7.4038
01-09-20_13:02,USD,7.3415,7.4038
01-09-20_13:03,USD,7.3415,7.4038
01-09-20_13:03,USD,7.3415,7.4038
01-09-20_13:04,USD,7.3422,7.4038
01-09-20_13:05,USD,7.3422,7.4038
01-09-20_13:05,USD,7.3416,7.4037
01-09-20_13:06,USD,7.3416,7.4037
01-09-20_13:06,USD,7.3413,7.4038
01-09-20_13:07,USD,7.3413,7.4038
01-09-20_13:08,USD,7.341,7.4037
01-09-20_13:08,USD,7.341,7.4037
01-09-20_13:09,USD,7.341,7.4037
01-09-20_13:09,USD,7.3404,7.4028
01-09-20_13:10,USD,7.3404,7.4028
01-09-20_13:11,USD,7.3397,7.4027
01-09-20_13:11,USD,7.3397,7.4027
01-09-20_13:12,USD,7.339,7.4016
01-09-20_13:12,USD,7.339,7.4016
01-09-20_13:13,USD,7.3385,7.4001
01-09-20_13:14,USD,7.3385,7.4001
01-09-20_13:14,USD,7.3385,7.4001
01-09-20_13:15,USD,7.3385,7.4001
01-09-20_13:15,USD,7.3385,7.4001
01-09-20_13:16,USD,7.339,7.4005
01-09-20_13:17,USD,7.339,7.4005
01-09-20_13:17,USD,7.3377,7.3995
01-09-20_13:18,USD,7.3377,7.3995
01-09-20_13:18,USD,7.3374,7.3982
01-09-20_13:19,USD,7.3374,7.3982
01-09-20_13:20,USD,7.3375,7.3985
01-09-20_13:20,USD,7.3375,7.3985
01-09-20_13:21,USD,7.3369,7.3985
01-09-20_13:21,USD,7.3369,7.3985
01-09-20_13:22,USD,7.3369,7.3985
01-09-20_13:23,USD,7.3369,7.3986
01-09-20_13:23,USD,7.3369,7.3986
01-09-20_13:24,USD,7.3334,7.3945
01-09-20_13:24,USD,7.3334,7.3945
01-09-20_13:25,USD,7.3304,7.3907
01-09-20_13:26,USD,7.3304,7.3907
01-09-20_13:26,USD,7.3327,7.3942
01-09-20_13:27,USD,7.3327,7.3942
01-09-20_13:28,USD,7.3283,7.3915
01-09-20_13:28,USD,7.3283,7.3915
01-09-20_13:29,USD,7.3283,7.3915
01-09-20_13:29,USD,7.3281,7.3913
01-09-20_13:30,USD,7.3281,7.3913
01-09-20_13:31,USD,7.3264,7.3887
01-09-20_13:31,USD,7.3264,7.3887
01-09-20_13:32,USD,7.3249,7.3888
01-09-20_13:32,USD,7.3249,7.3888
01-09-20_13:33,USD,7.3233,7.3852
01-09-20_13:34,USD,7.3233,7.3852
01-09-20_13:34,USD,7.3242,7.387
01-09-20_13:35,USD,7.3242,7.387
01-09-20_13:35,USD,7.3242,7.387
01-09-20_13:36,USD,7.3242,7.3873
01-09-20_13:37,USD,7.3242,7.3873
01-09-20_13:37,USD,7.3249,7.3883
01-09-20_13:38,USD,7.3249,7.3883
01-09-20_13:38,USD,7.3273,7.3907
01-09-20_13:39,USD,7.3273,7.3907
01-09-20_13:40,USD,7.3257,7.3862
01-09-20_13:40,USD,7.3257,7.3862
01-09-20_13:41,USD,7.327,7.3907
01-09-20_13:41,USD,7.327,7.3907
01-09-20_13:42,USD,7.327,7.3907
01-09-20_13:43,USD,7.3225,7.3844
01-09-20_13:43,USD,7.3225,7.3844
01-09-20_13:44,USD,7.3228,7.3843
01-09-20_13:45,USD,7.3228,7.3843
01-09-20_13:45,USD,7.3198,7.3827
01-09-20_13:46,USD,7.3198,7.3827
01-09-20_13:46,USD,7.3207,7.3819
01-09-20_13:47,USD,7.3207,7.3819
01-09-20_13:48,USD,7.3205,7.3829
01-09-20_13:48,USD,7.3205,7.3829
01-09-20_13:49,USD,7.3205,7.3829
01-09-20_13:49,USD,7.3202,7.3818
01-09-20_13:50,USD,7.3202,7.3818
01-09-20_13:51,USD,7.3216,7.3848
01-09-20_13:51,USD,7.3213,7.3844
01-09-20_13:52,USD,7.3213,7.3844
01-09-20_13:52,USD,7.3213,7.3844
01-09-20_13:53,USD,7.3227,7.3842
01-09-20_13:54,USD,7.3227,7.3842
01-09-20_13:54,USD,7.3227,7.3847
01-09-20_13:55,USD,7.3227,7.3847
01-09-20_13:55,USD,7.3225,7.3847
01-09-20_13:56,USD,7.3223,7.3844
01-09-20_13:57,USD,7.3223,7.3844
01-09-20_13:57,USD,7.3221,7.3845
01-09-20_13:58,USD,7.3221,7.3845
01-09-20_13:59,USD,7.3231,7.3854
01-09-20_13:59,USD,7.3231,7.3854
01-09-20_14:00,USD,7.3232,7.3858
01-09-20_14:00,USD,7.3232,7.3858
01-09-20_14:01,USD,7.3232,7.3858
01-09-20_14:02,USD,7.3232,7.3858
01-09-20_14:02,USD,7.3237,7.3854
01-09-20_14:03,USD,7.3233,7.3858
01-09-20_14:03,USD,7.3237,7.3854
01-09-20_14:04,USD,7.3237,7.3854
01-09-20_14:05,USD,7.3235,7.3854
01-09-20_14:05,USD,7.3235,7.3854
01-09-20_14:06,USD,7.3235,7.3854
01-09-20_14:07,USD,7.3203,7.3828
01-09-20_14:07,USD,7.3207,7.3829
01-09-20_14:08,USD,7.3207,7.3829
01-09-20_14:08,USD,7.3207,7.3829
01-09-20_14:09,USD,7.322,7.3829
01-09-20_14:10,USD,7.322,7.3829
01-09-20_14:10,USD,7.3195,7.381
01-09-20_14:11,USD,7.3195,7.381
01-09-20_14:11,USD,7.3192,7.3824
01-09-20_14:12,USD,7.3192,7.3824
01-09-20_14:13,USD,7.3192,7.3824
01-09-20_14:13,USD,7.3201,7.3822
01-09-20_14:14,USD,7.32,7.3823
01-09-20_14:14,USD,7.3161,7.3794
01-09-20_14:15,USD,7.32,7.3823
01-09-20_14:16,USD,7.3161,7.3794
01-09-20_14:16,USD,7.316,7.3793
01-09-20_14:17,USD,7.3164,7.3797
01-09-20_14:18,USD,7.3164,7.3797
01-09-20_14:18,USD,7.3163,7.3796
01-09-20_14:19,USD,7.3163,7.3796
01-09-20_14:19,USD,7.3127,7.3784
01-09-20_14:20,USD,7.314,7.3786
01-09-20_14:21,USD,7.314,7.3786
01-09-20_14:21,USD,7.3155,7.3792
01-09-20_14:22,USD,7.3155,7.3792
01-09-20_14:23,USD,7.3119,7.3758
01-09-20_14:24,USD,7.314,7.3803
01-09-20_14:24,USD,7.314,7.3803
01-09-20_14:25,USD,7.3183,7.3835
01-09-20_14:25,USD,7.3183,7.3835
01-09-20_14:26,USD,7.3144,7.3808
01-09-20_14:27,USD,7.3144,7.3808
01-09-20_14:27,USD,7.3144,7.3808
01-09-20_14:28,USD,7.3156,7.3804
01-09-20_14:29,USD,7.3156,7.3804
01-09-20_14:29,USD,7.3177,7.3796
01-09-20_14:30,USD,7.3177,7.3796
01-09-20_14:30,USD,7.3188,7.382
01-09-20_14:31,USD,7.3188,7.382
01-09-20_14:32,USD,7.3193,7.3823
01-09-20_14:32,USD,7.3193,7.3823
01-09-20_14:33,USD,7.3193,7.3823
01-09-20_14:33,USD,7.3191,7.3805
01-09-20_14:34,USD,7.3192,7.381
01-09-20_14:35,USD,7.3194,7.3811
01-09-20_14:35,USD,7.3194,7.3811
01-09-20_14:36,USD,7.3194,7.3811
01-09-20_14:36,USD,7.3192,7.3811
01-09-20_14:37,USD,7.3194,7.3811
01-09-20_14:38,USD,7.3194,7.3811
01-09-20_14:38,USD,7.3195,7.3811
01-09-20_14:39,USD,7.3195,7.3811
01-09-20_14:39,USD,7.3194,7.3811
01-09-20_14:40,USD,7.3194,7.3811
01-09-20_14:41,USD,7.3196,7.3817
01-09-20_14:41,USD,7.3196,7.3817
01-09-20_14:42,USD,7.3196,7.3817
01-09-20_14:42,USD,7.3195,7.3817
01-09-20_14:43,USD,7.3195,7.3817
01-09-20_14:44,USD,7.32,7.3817
01-09-20_14:44,USD,7.32,7.3817
01-09-20_14:45,USD,7.3197,7.38
01-09-20_14:46,USD,7.3197,7.38
01-09-20_14:46,USD,7.3196,7.3798
01-09-20_14:47,USD,7.3199,7.3802
01-09-20_14:47,USD,7.3199,7.3802
01-09-20_14:48,USD,7.3217,7.3846
01-09-20_14:49,USD,7.3236,7.3867
01-09-20_14:49,USD,7.3236,7.3867
01-09-20_14:50,USD,7.3236,7.3867
01-09-20_14:50,USD,7.3235,7.3866
01-09-20_14:51,USD,7.3235,7.3866
01-09-20_14:52,USD,7.3237,7.3865
01-09-20_14:52,USD,7.3237,7.3865
01-09-20_14:53,USD,7.3238,7.3871
01-09-20_14:53,USD,7.3238,7.3871
01-09-20_14:54,USD,7.3238,7.3871
01-09-20_14:55,USD,7.3232,7.3864
01-09-20_14:55,USD,7.3232,7.3864
01-09-20_14:56,USD,7.3233,7.3863
01-09-20_14:56,USD,7.3233,7.3863
01-09-20_14:57,USD,7.3238,7.3866
01-09-20_14:58,USD,7.3238,7.3866
01-09-20_14:58,USD,7.3245,7.3866
01-09-20_14:59,USD,7.3245,7.3866
01-09-20_14:59,USD,7.3282,7.3907
01-09-20_15:00,USD,7.3282,7.3907
01-09-20_15:01,USD,7.3282,7.3907
01-09-20_15:01,USD,7.3281,7.3903
01-09-20_15:02,USD,7.3293,7.3909
01-09-20_15:02,USD,7.3301,7.3924
01-09-20_15:03,USD,7.3293,7.3909
01-09-20_15:04,USD,7.3304,7.3929
01-09-20_15:04,USD,7.3301,7.3924
01-09-20_15:05,USD,7.3311,7.3924
01-09-20_15:05,USD,7.3311,7.3924
01-09-20_15:06,USD,7.3311,7.3927
01-09-20_15:07,USD,7.3311,7.3927
01-09-20_15:07,USD,7.3311,7.3927
01-09-20_15:08,USD,7.3304,7.3925
01-09-20_15:09,USD,7.3304,7.3925
01-09-20_15:09,USD,7.3304,7.3925
01-09-20_15:10,USD,7.3304,7.3925
01-09-20_15:10,USD,7.3304,7.3925
01-09-20_15:11,USD,7.3304,7.3925
01-09-20_15:12,USD,7.3304,7.3925
01-09-20_15:12,USD,7.3304,7.3925
01-09-20_15:13,USD,7.3306,7.3922
01-09-20_15:13,USD,7.3306,7.3922
01-09-20_15:14,USD,7.3306,7.3922
01-09-20_15:15,USD,7.3312,7.3922
01-09-20_15:15,USD,7.3312,7.3922
01-09-20_15:16,USD,7.3312,7.3922
01-09-20_15:17,USD,7.3293,7.3918
01-09-20_15:17,USD,7.3293,7.3918
01-09-20_15:18,USD,7.3293,7.3918
01-09-20_15:19,USD,7.3298,7.3917
01-09-20_15:19,USD,7.3298,7.3917
01-09-20_15:20,USD,7.3305,7.3916
01-09-20_15:20,USD,7.3305,7.3916
01-09-20_15:21,USD,7.3304,7.3923
01-09-20_15:22,USD,7.3304,7.3923
01-09-20_15:22,USD,7.3303,7.3922
01-09-20_15:23,USD,7.3294,7.3892
01-09-20_15:23,USD,7.3294,7.3892
01-09-20_15:24,USD,7.3307,7.3919
01-09-20_15:25,USD,7.3307,7.3919
01-09-20_15:25,USD,7.3308,7.3926
01-09-20_15:26,USD,7.3308,7.3926
01-09-20_15:26,USD,7.3307,7.3925
01-09-20_15:27,USD,7.3307,7.3925
01-09-20_15:28,USD,7.332,7.3923
01-09-20_15:28,USD,7.332,7.3923
01-09-20_15:29,USD,7.3317,7.3923
01-09-20_15:29,USD,7.3317,7.3923
01-09-20_15:30,USD,7.3317,7.3923
01-09-20_15:31,USD,7.3321,7.3923
01-09-20_15:31,USD,7.331,7.3921
01-09-20_15:32,USD,7.331,7.3921
01-09-20_15:32,USD,7.331,7.3921
01-09-20_15:33,USD,7.331,7.392
01-09-20_15:34,USD,7.331,7.392
01-09-20_15:34,USD,7.331,7.3923
01-09-20_15:35,USD,7.331,7.3923
01-09-20_15:35,USD,7.331,7.3923
01-09-20_15:36,USD,7.3308,7.3925
01-09-20_15:37,USD,7.3296,7.3925
01-09-20_15:37,USD,7.3296,7.3925
01-09-20_15:38,USD,7.3296,7.3925
01-09-20_15:38,USD,7.3295,7.3925
01-09-20_15:39,USD,7.3295,7.3925
01-09-20_15:40,USD,7.3288,7.3895
01-09-20_15:40,USD,7.3287,7.3898
01-09-20_15:41,USD,7.3288,7.3895
01-09-20_15:41,USD,7.3279,7.3887
01-09-20_15:42,USD,7.3222,7.3857
01-09-20_15:43,USD,7.3222,7.3857
01-09-20_15:43,USD,7.3226,7.3863
01-09-20_15:44,USD,7.3229,7.3868
01-09-20_15:44,USD,7.3229,7.3868
01-09-20_15:45,USD,7.3226,7.3851
01-09-20_15:46,USD,7.3226,7.3851
01-09-20_15:46,USD,7.3198,7.3829
01-09-20_15:47,USD,7.3198,7.3829
01-09-20_15:47,USD,7.3224,7.3854
01-09-20_15:48,USD,7.3224,7.3854
01-09-20_15:49,USD,7.3247,7.3865
01-09-20_15:49,USD,7.3247,7.3865
01-09-20_15:50,USD,7.3252,7.3853
01-09-20_15:50,USD,7.3252,7.3853
01-09-20_15:51,USD,7.3252,7.3853
01-09-20_15:52,USD,7.3203,7.3832
01-09-20_15:52,USD,7.3203,7.3832
01-09-20_15:53,USD,7.3254,7.3872
01-09-20_15:53,USD,7.3254,7.3872
01-09-20_15:54,USD,7.3254,7.3872
01-09-20_15:55,USD,7.323,7.3863
01-09-20_15:55,USD,7.3238,7.3878
01-09-20_15:56,USD,7.3238,7.3878
01-09-20_15:56,USD,7.3241,7.3866
01-09-20_15:57,USD,7.3247,7.3875
01-09-20_15:58,USD,7.3247,7.3875
01-09-20_15:58,USD,7.3261,7.3876
01-09-20_15:59,USD,7.3249,7.3879
01-09-20_15:59,USD,7.3261,7.3876
01-09-20_16:00,USD,7.3243,7.3881
01-09-20_16:01,USD,7.3243,7.3881
01-09-20_16:01,USD,7.3243,7.3881
01-09-20_16:02,USD,7.3262,7.387
01-09-20_16:02,USD,7.3262,7.387
01-09-20_16:03,USD,7.3261,7.3877
01-09-20_16:04,USD,7.3264,7.3884
01-09-20_16:04,USD,7.3264,7.3884
01-09-20_16:05,USD,7.3266,7.3872
01-09-20_16:05,USD,7.3266,7.3872
01-09-20_16:06,USD,7.3266,7.3872
01-09-20_16:07,USD,7.3266,7.387
01-09-20_16:07,USD,7.3269,7.3876
01-09-20_16:08,USD,7.3269,7.3876
01-09-20_16:08,USD,7.3269,7.3876
01-09-20_16:09,USD,7.3266,7.387
01-09-20_16:10,USD,7.3266,7.387
01-09-20_16:10,USD,7.3274,7.3876
01-09-20_16:11,USD,7.3274,7.3876
01-09-20_16:11,USD,7.3274,7.3876
01-09-20_16:12,USD,7.328,7.3881
01-09-20_16:13,USD,7.3272,7.3881
01-09-20_16:13,USD,7.3272,7.3881
01-09-20_16:14,USD,7.3272,7.3881
01-09-20_16:15,USD,7.3252,7.3877
01-09-20_16:15,USD,7.3252,7.3877
01-09-20_16:16,USD,7.324,7.3864
01-09-20_16:16,USD,7.324,7.3864
01-09-20_16:17,USD,7.3239,7.3862
01-09-20_16:18,USD,7.3239,7.3862
01-09-20_16:18,USD,7.3239,7.3862
01-09-20_16:19,USD,7.3241,7.3864
01-09-20_16:19,USD,7.3241,7.3864
01-09-20_16:20,USD,7.3214,7.3845
01-09-20_16:21,USD,7.3248,7.3852
01-09-20_16:21,USD,7.3248,7.3852
01-09-20_16:22,USD,7.3248,7.3852
01-09-20_16:22,USD,7.3237,7.3853
01-09-20_16:23,USD,7.3214,7.3852
01-09-20_16:24,USD,7.3213,7.3843
01-09-20_16:24,USD,7.3213,7.3843
01-09-20_16:25,USD,7.3213,7.3843
01-09-20_16:25,USD,7.3218,7.3844
01-09-20_16:26,USD,7.3218,7.3847
01-09-20_16:27,USD,7.3218,7.3847
01-09-20_16:27,USD,7.3235,7.3869
01-09-20_16:28,USD,7.3235,7.3869
01-09-20_16:28,USD,7.3235,7.3869
01-09-20_16:29,USD,7.3227,7.385
01-09-20_16:30,USD,7.3227,7.385
01-09-20_16:30,USD,7.3219,7.3846
01-09-20_16:31,USD,7.3219,7.3846
01-09-20_16:31,USD,7.3238,7.3869
01-09-20_16:32,USD,7.3238,7.3869
01-09-20_16:33,USD,7.326,7.389
01-09-20_16:33,USD,7.326,7.389
01-09-20_16:34,USD,7.326,7.389
01-09-20_16:34,USD,7.3248,7.3881
01-09-20_16:35,USD,7.3248,7.3881
01-09-20_16:36,USD,7.3248,7.3881
01-09-20_16:36,USD,7.3248,7.3881
01-09-20_16:37,USD,7.3234,7.3862
01-09-20_16:37,USD,7.3234,7.3862
01-09-20_16:38,USD,7.3234,7.3862
01-09-20_16:39,USD,7.3244,7.3876
01-09-20_16:39,USD,7.3257,7.388
01-09-20_16:40,USD,7.3282,7.3893
01-09-20_16:40,USD,7.3282,7.3893
01-09-20_16:41,USD,7.3284,7.3894
01-09-20_16:42,USD,7.3284,7.3894
01-09-20_16:42,USD,7.3285,7.3895
01-09-20_16:43,USD,7.3283,7.3891
01-09-20_16:44,USD,7.3279,7.3885
01-09-20_16:44,USD,7.3279,7.3885
01-09-20_16:45,USD,7.3278,7.3881
01-09-20_16:45,USD,7.3278,7.3881
01-09-20_16:46,USD,7.3281,7.3883
01-09-20_16:47,USD,7.3281,7.3883
01-09-20_16:47,USD,7.328,7.3884
01-09-20_16:48,USD,7.328,7.3884
01-09-20_16:48,USD,7.3277,7.3882
01-09-20_16:49,USD,7.3284,7.3884
01-09-20_16:50,USD,7.3284,7.3884
01-09-20_16:50,USD,7.3284,7.3884
01-09-20_16:51,USD,7.3284,7.3884
01-09-20_16:52,USD,7.3284,7.3884
01-09-20_16:52,USD,7.3282,7.3883
01-09-20_16:53,USD,7.3282,7.3883
01-09-20_16:53,USD,7.3283,7.3883
01-09-20_16:54,USD,7.3284,7.3883
01-09-20_16:55,USD,7.3284,7.3883
01-09-20_16:55,USD,7.3284,7.3883
01-09-20_16:56,USD,7.3289,7.3888
01-09-20_16:56,USD,7.3302,7.3916
01-09-20_16:57,USD,7.3301,7.3916
01-09-20_16:58,USD,7.3301,7.3916
01-09-20_16:58,USD,7.3301,7.3916
01-09-20_16:59,USD,7.3301,7.392
01-09-20_16:59,USD,7.3301,7.392
01-09-20_17:00,USD,7.33,7.3922
01-09-20_17:01,USD,7.3296,7.3923
01-09-20_17:01,USD,7.3296,7.3923
01-09-20_17:02,USD,7.3296,7.3923
01-09-20_17:02,USD,7.33,7.3922
01-09-20_17:03,USD,7.3296,7.3922
01-09-20_17:04,USD,7.3297,7.3921
01-09-20_17:04,USD,7.3297,7.3921
01-09-20_17:05,USD,7.3298,7.3915
01-09-20_17:05,USD,7.3298,7.3915
01-09-20_17:06,USD,7.3301,7.3912
01-09-20_17:07,USD,7.3302,7.3912
01-09-20_17:07,USD,7.3302,7.3912
01-09-20_17:08,USD,7.3306,7.3918
01-09-20_17:08,USD,7.3306,7.3918
01-09-20_17:09,USD,7.3297,7.3903
01-09-20_17:10,USD,7.3297,7.3903
01-09-20_17:10,USD,7.3291,7.3913
01-09-20_17:11,USD,7.3291,7.3913
01-09-20_17:11,USD,7.3301,7.3918
01-09-20_17:12,USD,7.3301,7.3918
01-09-20_17:13,USD,7.3301,7.3918
01-09-20_17:13,USD,7.3306,7.3921
01-09-20_17:14,USD,7.3306,7.3921
01-09-20_17:14,USD,7.3288,7.3921
01-09-20_17:15,USD,7.3288,7.3921
01-09-20_17:16,USD,7.3288,7.3921
01-09-20_17:16,USD,7.3289,7.3913
01-09-20_17:17,USD,7.3298,7.3922
01-09-20_17:17,USD,7.3298,7.3922
01-09-20_17:18,USD,7.3298,7.3922
01-09-20_17:19,USD,7.3297,7.3918
01-09-20_17:19,USD,7.3295,7.3917
01-09-20_17:20,USD,7.3299,7.3921
01-09-20_17:20,USD,7.3299,7.3921
01-09-20_17:21,USD,7.33,7.3922
01-09-20_17:22,USD,7.33,7.3922
01-09-20_17:22,USD,7.3302,7.3931
01-09-20_17:23,USD,7.3302,7.3931
01-09-20_17:24,USD,7.3294,7.3923
01-09-20_17:24,USD,7.3294,7.3923
01-09-20_17:25,USD,7.3294,7.3923
01-09-20_17:25,USD,7.33,7.393
01-09-20_17:26,USD,7.3301,7.3937
01-09-20_17:26,USD,7.3301,7.3937
01-09-20_17:27,USD,7.3301,7.3937
01-09-20_17:28,USD,7.3302,7.3939
01-09-20_17:28,USD,7.3302,7.3939
01-09-20_17:29,USD,7.3298,7.394
01-09-20_17:29,USD,7.3298,7.394
01-09-20_17:30,USD,7.3298,7.394
01-09-20_17:31,USD,7.3312,7.3956
01-09-20_17:31,USD,7.3324,7.3966
01-09-20_17:32,USD,7.3324,7.3966
01-09-20_17:33,USD,7.333,7.3959
01-09-20_17:33,USD,7.333,7.3959
01-09-20_17:34,USD,7.333,7.3959
01-09-20_17:34,USD,7.3315,7.3958
01-09-20_17:35,USD,7.3307,7.3952
01-09-20_17:36,USD,7.3337,7.3963
01-09-20_17:36,USD,7.3337,7.3963
01-09-20_17:37,USD,7.3337,7.3963
01-09-20_17:37,USD,7.333,7.3961
01-09-20_17:38,USD,7.3343,7.3957
01-09-20_17:39,USD,7.3343,7.3957
01-09-20_17:39,USD,7.3343,7.3957
01-09-20_17:40,USD,7.3295,7.3938
01-09-20_17:40,USD,7.3295,7.3938
01-09-20_17:41,USD,7.3284,7.3923
01-09-20_17:42,USD,7.3284,7.3923
01-09-20_17:42,USD,7.3284,7.3921
01-09-20_17:43,USD,7.3287,7.392
01-09-20_17:43,USD,7.3287,7.392
01-09-20_17:44,USD,7.3313,7.3822
01-09-20_17:45,USD,7.3313,7.3822
01-09-20_17:45,USD,7.3313,7.3822
01-09-20_17:46,USD,7.3313,7.3822
01-09-20_17:46,USD,7.3313,7.3822
01-09-20_17:47,USD,7.3313,7.3822
01-09-20_17:48,USD,7.3313,7.3822
01-09-20_17:48,USD,7.3313,7.3822
01-09-20_17:49,USD,7.3313,7.3822
01-09-20_17:49,USD,7.3313,7.3822
01-09-20_17:50,USD,7.3313,7.3822
01-09-20_17:51,USD,7.3313,7.3822
01-09-20_17:51,USD,7.3313,7.3822
01-09-20_17:52,USD,7.3313,7.3822
01-09-20_17:52,USD,7.3313,7.3822
01-09-20_17:53,USD,7.3313,7.3822
01-09-20_17:54,USD,7.3313,7.3822
01-09-20_17:54,USD,7.3313,7.3822
01-09-20_17:55,USD,7.3313,7.3822
01-09-20_17:56,USD,7.3313,7.3822
01-09-20_17:56,USD,7.3313,7.3822
01-09-20_17:57,USD,7.3313,7.3822
01-09-20_17:57,USD,7.3313,7.3822
01-09-20_17:58,USD,7.3313,7.3822
01-09-20_17:59,USD,7.3313,7.3822
01-09-20_17:59,USD,7.3313,7.3822
02-09-20_09:00,USD,7.3388,7.3952
02-09-20_09:00,USD,7.3388,7.3952
02-09-20_09:01,USD,7.3388,7.3952
02-09-20_09:01,USD,7.3359,7.4073
02-09-20_09:02,USD,7.3359,7.4073
02-09-20_09:02,USD,7.3359,7.4073
02-09-20_09:03,USD,7.3359,7.4082
02-09-20_09:03,USD,7.3359,7.4082
02-09-20_09:04,USD,7.3359,7.4082
02-09-20_09:04,USD,7.3359,7.4072
02-09-20_09:05,USD,7.3359,7.4072
02-09-20_09:05,USD,7.3359,7.4073
02-09-20_09:06,USD,7.3359,7.4073
02-09-20_09:06,USD,7.3359,7.4073
02-09-20_09:07,USD,7.3384,7.4077
02-09-20_09:07,USD,7.3384,7.4077
02-09-20_09:08,USD,7.3384,7.4077
02-09-20_09:08,USD,7.3385,7.4078
02-09-20_09:09,USD,7.3385,7.4078
02-09-20_09:09,USD,7.3413,7.4093
02-09-20_09:10,USD,7.3413,7.4093
02-09-20_09:10,USD,7.3413,7.4093
02-09-20_09:11,USD,7.3388,7.4094
02-09-20_09:11,USD,7.3388,7.4094
02-09-20_09:12,USD,7.3388,7.4094
02-09-20_09:12,USD,7.3388,7.4094
02-09-20_09:13,USD,7.3388,7.4094
02-09-20_09:13,USD,7.3386,7.4057
02-09-20_09:14,USD,7.3386,7.4057
02-09-20_09:14,USD,7.3386,7.4057
02-09-20_09:15,USD,7.3385,7.4056
02-09-20_09:15,USD,7.3385,7.4056
02-09-20_09:16,USD,7.3385,7.4056
02-09-20_09:16,USD,7.3388,7.4057
02-09-20_09:17,USD,7.3388,7.4057
02-09-20_09:17,USD,7.339,7.406
02-09-20_09:18,USD,7.339,7.406
02-09-20_09:18,USD,7.339,7.406
02-09-20_09:19,USD,7.3383,7.406
02-09-20_09:19,USD,7.3383,7.406
02-09-20_09:20,USD,7.3383,7.406
02-09-20_09:20,USD,7.3382,7.4059
02-09-20_09:21,USD,7.3382,7.4059
02-09-20_09:21,USD,7.34,7.4077
02-09-20_09:22,USD,7.34,7.4077
02-09-20_09:22,USD,7.34,7.4077
02-09-20_09:23,USD,7.3405,7.4077
02-09-20_09:23,USD,7.3405,7.4077
02-09-20_09:24,USD,7.3405,7.4077
02-09-20_09:24,USD,7.3401,7.4066
02-09-20_09:25,USD,7.3401,7.4066
02-09-20_09:25,USD,7.3434,7.4091
02-09-20_09:26,USD,7.3434,7.4091
02-09-20_09:26,USD,7.3434,7.4091
02-09-20_09:27,USD,7.3451,7.4097
02-09-20_09:27,USD,7.3451,7.4097
02-09-20_09:28,USD,7.3451,7.4097
02-09-20_09:28,USD,7.3451,7.4092
02-09-20_09:29,USD,7.3451,7.4092
02-09-20_09:29,USD,7.3451,7.4089
02-09-20_09:30,USD,7.3451,7.4089
02-09-20_09:30,USD,7.3451,7.4089
02-09-20_09:31,USD,7.3448,7.4092
02-09-20_09:31,USD,7.3448,7.4092
02-09-20_09:32,USD,7.3448,7.4092
02-09-20_09:32,USD,7.3449,7.4091
02-09-20_09:33,USD,7.3449,7.4091
02-09-20_09:33,USD,7.3426,7.4079
02-09-20_09:34,USD,7.3426,7.4079
02-09-20_09:34,USD,7.3426,7.4079
02-09-20_09:35,USD,7.3427,7.408
02-09-20_09:35,USD,7.3427,7.408
02-09-20_09:36,USD,7.3427,7.408
02-09-20_09:36,USD,7.343,7.4083
02-09-20_09:37,USD,7.343,7.4083
02-09-20_09:37,USD,7.343,7.4083
02-09-20_09:38,USD,7.343,7.4083
02-09-20_09:38,USD,7.343,7.4083
02-09-20_09:39,USD,7.3435,7.4091
02-09-20_09:39,USD,7.3435,7.4091
02-09-20_09:40,USD,7.3435,7.4091
02-09-20_09:40,USD,7.3436,7.4084
02-09-20_09:41,USD,7.3436,7.4084
02-09-20_09:41,USD,7.343,7.4088
02-09-20_09:42,USD,7.343,7.4088
02-09-20_09:42,USD,7.343,7.4088
02-09-20_09:43,USD,7.3431,7.4093
02-09-20_09:43,USD,7.3431,7.4093
02-09-20_09:44,USD,7.3431,7.4093
02-09-20_09:44,USD,7.3434,7.4092
02-09-20_09:45,USD,7.3434,7.4092
02-09-20_09:45,USD,7.3444,7.4089
02-09-20_09:46,USD,7.3444,7.4089
02-09-20_09:46,USD,7.3444,7.4089
02-09-20_09:47,USD,7.3431,7.4087
02-09-20_09:47,USD,7.3431,7.4087
02-09-20_09:48,USD,7.3431,7.4087
02-09-20_09:48,USD,7.3432,7.4087
02-09-20_09:49,USD,7.3432,7.4087
02-09-20_09:49,USD,7.3436,7.4088
02-09-20_09:50,USD,7.3436,7.4088
02-09-20_09:50,USD,7.3436,7.4088
02-09-20_09:51,USD,7.3434,7.409
02-09-20_09:51,USD,7.3434,7.409
02-09-20_09:52,USD,7.3434,7.409
02-09-20_09:52,USD,7.3432,7.4083
02-09-20_09:53,USD,7.3432,7.4083
02-09-20_09:53,USD,7.3441,7.41
02-09-20_09:54,USD,7.3441,7.41
02-09-20_09:54,USD,7.3441,7.41
02-09-20_09:55,USD,7.3436,7.4096
02-09-20_09:55,USD,7.3436,7.4096
02-09-20_09:56,USD,7.3436,7.4096
02-09-20_09:56,USD,7.3437,7.4095
02-09-20_09:57,USD,7.3437,7.4095
02-09-20_09:57,USD,7.3438,7.4096
02-09-20_09:58,USD,7.3438,7.4096
02-09-20_09:58,USD,7.3438,7.4096
02-09-20_09:59,USD,7.3436,7.4089
02-09-20_09:59,USD,7.3436,7.4089
02-09-20_10:00,USD,7.3436,7.4089
02-09-20_10:00,USD,7.3441,7.4095
02-09-20_10:01,USD,7.3441,7.4095
02-09-20_10:01,USD,7.3441,7.409
02-09-20_10:02,USD,7.3441,7.409
02-09-20_10:02,USD,7.3441,7.409
02-09-20_10:03,USD,7.3439,7.4087
02-09-20_10:03,USD,7.3439,7.4087
02-09-20_10:04,USD,7.3439,7.4087
02-09-20_10:04,USD,7.3433,7.4087
02-09-20_10:05,USD,7.3433,7.4087
02-09-20_10:05,USD,7.3432,7.4084
02-09-20_10:06,USD,7.3432,7.4084
02-09-20_10:06,USD,7.3432,7.4084
02-09-20_10:07,USD,7.3434,7.4082
02-09-20_10:07,USD,7.3434,7.4082
02-09-20_10:08,USD,7.3434,7.4082
02-09-20_10:08,USD,7.3432,7.4082
02-09-20_10:09,USD,7.3432,7.4082
02-09-20_10:09,USD,7.3435,7.4081
02-09-20_10:10,USD,7.3435,7.4081
02-09-20_10:10,USD,7.3435,7.4081
02-09-20_10:11,USD,7.3434,7.408
02-09-20_10:11,USD,7.3434,7.408
02-09-20_10:12,USD,7.3434,7.408
02-09-20_10:12,USD,7.3435,7.4082
02-09-20_10:13,USD,7.3435,7.4082
02-09-20_10:13,USD,7.3437,7.4082
02-09-20_10:14,USD,7.3437,7.4082
02-09-20_10:14,USD,7.3437,7.4082
02-09-20_10:15,USD,7.3436,7.4083
02-09-20_10:15,USD,7.3436,7.4083
02-09-20_10:16,USD,7.3436,7.4083
02-09-20_10:16,USD,7.3437,7.4081
02-09-20_10:17,USD,7.3437,7.4081
02-09-20_10:17,USD,7.3438,7.4085
02-09-20_10:18,USD,7.3438,7.4085
02-09-20_10:18,USD,7.3438,7.4085
02-09-20_10:19,USD,7.3444,7.4084
02-09-20_10:19,USD,7.3444,7.4084
02-09-20_10:20,USD,7.3444,7.4084
02-09-20_10:20,USD,7.3438,7.408
02-09-20_10:21,USD,7.3438,7.408
02-09-20_10:21,USD,7.3438,7.4082
02-09-20_10:22,USD,7.3438,7.4082
02-09-20_10:22,USD,7.3438,7.4082
02-09-20_10:23,USD,7.344,7.4081
02-09-20_10:23,USD,7.344,7.4081
02-09-20_10:24,USD,7.344,7.4081
02-09-20_10:24,USD,7.3438,7.4081
02-09-20_10:25,USD,7.3438,7.4081
02-09-20_10:25,USD,7.344,7.4082
02-09-20_10:26,USD,7.344,7.4082
02-09-20_10:26,USD,7.344,7.4082
02-09-20_10:27,USD,7.344,7.4081
02-09-20_10:27,USD,7.344,7.4081
02-09-20_10:28,USD,7.344,7.4081
02-09-20_10:28,USD,7.344,7.4081
02-09-20_10:29,USD,7.344,7.4081
02-09-20_10:29,USD,7.3439,7.4082
02-09-20_10:30,USD,7.3439,7.4082
02-09-20_10:30,USD,7.3439,7.4082
02-09-20_10:31,USD,7.3439,7.4082
02-09-20_10:31,USD,7.3439,7.4082
02-09-20_10:32,USD,7.3439,7.4082
02-09-20_10:32,USD,7.3439,7.408
02-09-20_10:33,USD,7.3439,7.408
02-09-20_10:33,USD,7.3444,7.4083
02-09-20_10:34,USD,7.3444,7.4083
02-09-20_10:34,USD,7.3444,7.4083
02-09-20_10:35,USD,7.3443,7.4082
02-09-20_10:35,USD,7.3443,7.4082
02-09-20_10:36,USD,7.3443,7.4082
02-09-20_10:36,USD,7.3443,7.4082
02-09-20_10:37,USD,7.3443,7.4082
02-09-20_10:37,USD,7.3448,7.4088
02-09-20_10:38,USD,7.3448,7.4088
02-09-20_10:38,USD,7.3448,7.4088
02-09-20_10:39,USD,7.3447,7.4082
02-09-20_10:39,USD,7.3447,7.4082
02-09-20_10:40,USD,7.3447,7.4082
02-09-20_10:40,USD,7.3447,7.4084
02-09-20_10:41,USD,7.3447,7.4084
02-09-20_10:41,USD,7.3447,7.4082
02-09-20_10:42,USD,7.3447,7.4082
02-09-20_10:42,USD,7.3447,7.4082
02-09-20_10:43,USD,7.3447,7.4082
02-09-20_10:43,USD,7.3447,7.4082
02-09-20_10:44,USD,7.3447,7.4082
02-09-20_10:44,USD,7.345,7.4078
02-09-20_10:45,USD,7.345,7.4078
02-09-20_10:45,USD,7.3451,7.408
02-09-20_10:46,USD,7.3451,7.408
02-09-20_10:46,USD,7.3451,7.408
02-09-20_10:47,USD,7.3446,7.4083
02-09-20_10:47,USD,7.3446,7.4083
02-09-20_10:48,USD,7.3446,7.4083
02-09-20_10:48,USD,7.3443,7.4075
02-09-20_10:49,USD,7.3443,7.4075
02-09-20_10:49,USD,7.3446,7.4076
02-09-20_10:50,USD,7.3446,7.4076
02-09-20_10:50,USD,7.3446,7.4076
02-09-20_10:51,USD,7.3444,7.4076
02-09-20_10:51,USD,7.3444,7.4076
02-09-20_10:52,USD,7.3444,7.4076
02-09-20_10:52,USD,7.3446,7.4076
02-09-20_10:53,USD,7.3446,7.4076
02-09-20_10:53,USD,7.3455,7.4082
02-09-20_10:54,USD,7.3455,7.4082
02-09-20_10:54,USD,7.3455,7.4082
02-09-20_10:55,USD,7.3447,7.4082
02-09-20_10:55,USD,7.3447,7.4082
02-09-20_10:56,USD,7.3447,7.4082
02-09-20_10:56,USD,7.3452,7.4082
02-09-20_10:57,USD,7.3452,7.4082
02-09-20_10:57,USD,7.3452,7.4082
02-09-20_10:58,USD,7.3452,7.4082
02-09-20_10:58,USD,7.3452,7.4082
02-09-20_10:59,USD,7.3452,7.4082
02-09-20_10:59,USD,7.3452,7.4082
02-09-20_11:00,USD,7.3452,7.4082
02-09-20_11:00,USD,7.3453,7.4082
02-09-20_11:01,USD,7.3453,7.4082
02-09-20_11:01,USD,7.3453,7.4082
02-09-20_11:02,USD,7.3453,7.4082
02-09-20_11:02,USD,7.3453,7.4082
02-09-20_11:03,USD,7.3451,7.4081
02-09-20_11:03,USD,7.3451,7.4081
02-09-20_11:04,USD,7.3451,7.4081
02-09-20_11:04,USD,7.3453,7.4083
02-09-20_11:05,USD,7.3453,7.4083
02-09-20_11:05,USD,7.344,7.409
02-09-20_11:06,USD,7.344,7.409
02-09-20_11:06,USD,7.344,7.409
02-09-20_11:07,USD,7.3451,7.4102
02-09-20_11:07,USD,7.3451,7.4102
02-09-20_11:08,USD,7.3451,7.4102
02-09-20_11:08,USD,7.3452,7.4102
02-09-20_11:09,USD,7.3452,7.4102
02-09-20_11:09,USD,7.3456,7.4103
02-09-20_11:10,USD,7.3456,7.4103
02-09-20_11:10,USD,7.3456,7.4103
02-09-20_11:11,USD,7.3456,7.4109
02-09-20_11:11,USD,7.3456,7.4109
02-09-20_11:12,USD,7.3456,7.4109
02-09-20_11:12,USD,7.3457,7.4107
02-09-20_11:13,USD,7.3457,7.4107
02-09-20_11:13,USD,7.3458,7.4102
02-09-20_11:14,USD,7.3458,7.4102
02-09-20_11:14,USD,7.3458,7.4102
02-09-20_11:15,USD,7.3459,7.4104
02-09-20_11:15,USD,7.3459,7.4104
02-09-20_11:16,USD,7.3459,7.4104
02-09-20_11:17,USD,7.3459,7.4103
02-09-20_11:17,USD,7.3459,7.4103
02-09-20_11:18,USD,7.3454,7.4104
02-09-20_11:18,USD,7.3454,7.4104
02-09-20_11:19,USD,7.3454,7.4104
02-09-20_11:19,USD,7.3459,7.4111
02-09-20_11:20,USD,7.3459,7.4111
02-09-20_11:20,USD,7.3459,7.4111
02-09-20_11:21,USD,7.346,7.411
02-09-20_11:21,USD,7.346,7.411
02-09-20_11:22,USD,7.3468,7.4113
02-09-20_11:22,USD,7.3468,7.4113
02-09-20_11:23,USD,7.3468,7.4113
02-09-20_11:23,USD,7.3468,7.4112
02-09-20_11:24,USD,7.3468,7.4112
02-09-20_11:24,USD,7.3468,7.4112
02-09-20_11:25,USD,7.3469,7.4114
02-09-20_11:25,USD,7.3469,7.4114
02-09-20_11:26,USD,7.3469,7.4114
02-09-20_11:26,USD,7.3469,7.4114
02-09-20_11:27,USD,7.3469,7.4114
02-09-20_11:27,USD,7.3466,7.4112
02-09-20_11:28,USD,7.3466,7.4112
02-09-20_11:28,USD,7.3466,7.4112
02-09-20_11:29,USD,7.3464,7.4111
02-09-20_11:29,USD,7.3464,7.4111
02-09-20_11:30,USD,7.3462,7.4104
02-09-20_11:30,USD,7.3462,7.4104
02-09-20_11:31,USD,7.3462,7.4104
02-09-20_11:31,USD,7.3462,7.4109
02-09-20_11:32,USD,7.3462,7.4109
02-09-20_11:32,USD,7.3462,7.4109
02-09-20_11:33,USD,7.3483,7.4135
02-09-20_11:33,USD,7.3483,7.4135
02-09-20_11:34,USD,7.3476,7.4136
02-09-20_11:34,USD,7.3476,7.4136
02-09-20_11:35,USD,7.3476,7.4136
02-09-20_11:35,USD,7.3475,7.4129
02-09-20_11:36,USD,7.3475,7.4129
02-09-20_11:36,USD,7.3475,7.4129
02-09-20_11:37,USD,7.3487,7.4139
02-09-20_11:37,USD,7.3487,7.4139
02-09-20_11:38,USD,7.3499,7.4147
02-09-20_11:38,USD,7.3499,7.4147
02-09-20_11:39,USD,7.3499,7.4147
02-09-20_11:39,USD,7.3496,7.4147
02-09-20_11:40,USD,7.3496,7.4147
02-09-20_11:40,USD,7.3496,7.4147
02-09-20_11:41,USD,7.3496,7.4143
02-09-20_11:41,USD,7.3496,7.4143
02-09-20_11:42,USD,7.3502,7.415
02-09-20_11:42,USD,7.3502,7.415
02-09-20_11:43,USD,7.3502,7.415
02-09-20_11:43,USD,7.3504,7.4153
02-09-20_11:44,USD,7.3504,7.4153
02-09-20_11:44,USD,7.3504,7.4153
02-09-20_11:45,USD,7.3504,7.4149
02-09-20_11:45,USD,7.3504,7.4149
02-09-20_11:46,USD,7.3504,7.4149
02-09-20_11:46,USD,7.3504,7.4149
02-09-20_11:47,USD,7.3504,7.4149
02-09-20_11:47,USD,7.3504,7.4153
02-09-20_11:48,USD,7.3504,7.4153
02-09-20_11:48,USD,7.3504,7.4153
02-09-20_11:49,USD,7.3507,7.415
02-09-20_11:49,USD,7.3507,7.415
02-09-20_11:50,USD,7.3506,7.4154
02-09-20_11:50,USD,7.3506,7.4154
02-09-20_11:51,USD,7.3506,7.4154
02-09-20_11:51,USD,7.3507,7.4154
02-09-20_11:52,USD,7.3507,7.4154
02-09-20_11:52,USD,7.3507,7.4154
02-09-20_11:53,USD,7.3507,7.4149
02-09-20_11:53,USD,7.3507,7.4149
02-09-20_11:54,USD,7.3511,7.4156
02-09-20_11:54,USD,7.3511,7.4156
02-09-20_11:55,USD,7.3511,7.4156
02-09-20_11:55,USD,7.3512,7.4151
02-09-20_11:56,USD,7.3512,7.4151
02-09-20_11:56,USD,7.3512,7.4151
02-09-20_11:57,USD,7.3513,7.4151
02-09-20_11:57,USD,7.3513,7.4151
02-09-20_11:58,USD,7.3507,7.4147
02-09-20_11:58,USD,7.3507,7.4147
02-09-20_11:59,USD,7.3507,7.4147
02-09-20_11:59,USD,7.3504,7.4144
02-09-20_12:00,USD,7.3504,7.4144
02-09-20_12:00,USD,7.3504,7.4144
02-09-20_12:01,USD,7.3506,7.4146
02-09-20_12:01,USD,7.3506,7.4146
02-09-20_12:02,USD,7.3504,7.4145
02-09-20_12:02,USD,7.3504,7.4145
02-09-20_12:03,USD,7.3504,7.4145
02-09-20_12:03,USD,7.3506,7.4153
02-09-20_12:04,USD,7.3506,7.4153
02-09-20_12:04,USD,7.3506,7.4153
02-09-20_12:05,USD,7.3505,7.415
02-09-20_12:05,USD,7.3505,7.415
02-09-20_12:06,USD,7.3507,7.4152
02-09-20_12:06,USD,7.3507,7.4152
02-09-20_12:07,USD,7.3507,7.4152
02-09-20_12:07,USD,7.3506,7.4152
02-09-20_12:08,USD,7.3506,7.4152
02-09-20_12:08,USD,7.3506,7.4152
02-09-20_12:09,USD,7.3505,7.4143
02-09-20_12:09,USD,7.3505,7.4143
02-09-20_12:10,USD,7.3512,7.4153
02-09-20_12:10,USD,7.3512,7.4153
02-09-20_12:11,USD,7.3512,7.4153
02-09-20_12:11,USD,7.3512,7.4152
02-09-20_12:12,USD,7.3512,7.4152
02-09-20_12:12,USD,7.3512,7.4152
02-09-20_12:13,USD,7.3511,7.4159
02-09-20_12:13,USD,7.3511,7.4159
02-09-20_12:14,USD,7.3508,7.4153
02-09-20_12:14,USD,7.3508,7.4153
02-09-20_12:15,USD,7.3508,7.4153
02-09-20_12:15,USD,7.351,7.4153
02-09-20_12:16,USD,7.351,7.4153
02-09-20_12:16,USD,7.351,7.4153
02-09-20_12:17,USD,7.351,7.4158
02-09-20_12:17,USD,7.351,7.4158
02-09-20_12:18,USD,7.3508,7.4158
02-09-20_12:18,USD,7.3508,7.4158
02-09-20_12:19,USD,7.3508,7.4158
02-09-20_12:19,USD,7.3508,7.4158
02-09-20_12:20,USD,7.3508,7.4158
02-09-20_12:20,USD,7.3508,7.4158
02-09-20_12:21,USD,7.3508,7.4158
02-09-20_12:21,USD,7.3508,7.4158
02-09-20_12:22,USD,7.3508,7.4159
02-09-20_12:22,USD,7.3508,7.4159
02-09-20_12:23,USD,7.3508,7.4159
02-09-20_12:23,USD,7.3509,7.4159
02-09-20_12:24,USD,7.3509,7.4159
02-09-20_12:24,USD,7.3509,7.4159
02-09-20_12:25,USD,7.3509,7.4164
02-09-20_12:25,USD,7.3509,7.4164
02-09-20_12:26,USD,7.3511,7.4162
02-09-20_12:26,USD,7.3511,7.4162
02-09-20_12:27,USD,7.3511,7.4162
02-09-20_12:27,USD,7.3511,7.4162
02-09-20_12:28,USD,7.3511,7.4162
02-09-20_12:28,USD,7.3511,7.4162
02-09-20_12:29,USD,7.3511,7.4163
02-09-20_12:29,USD,7.3511,7.4163
02-09-20_12:30,USD,7.351,7.416
02-09-20_12:30,USD,7.351,7.416
02-09-20_12:31,USD,7.351,7.416
02-09-20_12:31,USD,7.3509,7.4157
02-09-20_12:32,USD,7.3509,7.4157
02-09-20_12:32,USD,7.3509,7.4157
02-09-20_12:33,USD,7.3516,7.4167
02-09-20_12:33,USD,7.3516,7.4167
02-09-20_12:34,USD,7.3559,7.4203
02-09-20_12:34,USD,7.3559,7.4203
02-09-20_12:35,USD,7.3559,7.4203
02-09-20_12:35,USD,7.3538,7.4192
02-09-20_12:36,USD,7.3538,7.4192
02-09-20_12:36,USD,7.3538,7.4192
02-09-20_12:37,USD,7.3544,7.4195
02-09-20_12:37,USD,7.3544,7.4195
02-09-20_12:38,USD,7.3544,7.4199
02-09-20_12:38,USD,7.3544,7.4199
02-09-20_12:39,USD,7.3544,7.4199
02-09-20_12:39,USD,7.3544,7.4199
02-09-20_12:40,USD,7.3544,7.4199
02-09-20_12:40,USD,7.3544,7.4199
02-09-20_12:41,USD,7.3546,7.4199
02-09-20_12:41,USD,7.3546,7.4199
02-09-20_12:42,USD,7.3543,7.4195
02-09-20_12:42,USD,7.3543,7.4195
02-09-20_12:43,USD,7.3543,7.4195
02-09-20_12:43,USD,7.3544,7.4195
02-09-20_12:44,USD,7.3544,7.4195
02-09-20_12:44,USD,7.3544,7.4195
02-09-20_12:45,USD,7.3545,7.4198
02-09-20_12:45,USD,7.3545,7.4198
02-09-20_12:46,USD,7.3552,7.4206
02-09-20_12:46,USD,7.3552,7.4206
02-09-20_12:47,USD,7.3552,7.4206
02-09-20_12:47,USD,7.3545,7.4195
02-09-20_12:48,USD,7.3545,7.4195
02-09-20_12:48,USD,7.3545,7.4195
02-09-20_12:49,USD,7.3544,7.4196
02-09-20_12:49,USD,7.3544,7.4196
02-09-20_12:50,USD,7.3537,7.4193
02-09-20_12:50,USD,7.3537,7.4193
02-09-20_12:51,USD,7.3537,7.4193
02-09-20_12:51,USD,7.3541,7.4192
02-09-20_12:52,USD,7.3541,7.4192
02-09-20_12:52,USD,7.3541,7.4192
02-09-20_12:53,USD,7.3536,7.4193
02-09-20_12:53,USD,7.3536,7.4193
02-09-20_12:54,USD,7.3553,7.4204
02-09-20_12:54,USD,7.3553,7.4204
02-09-20_12:55,USD,7.3553,7.4204
02-09-20_12:55,USD,7.3563,7.4207
02-09-20_12:56,USD,7.3563,7.4207
02-09-20_12:56,USD,7.3563,7.4207
02-09-20_12:57,USD,7.3568,7.4211
02-09-20_12:57,USD,7.3568,7.4211
02-09-20_12:58,USD,7.3566,7.4214
02-09-20_12:58,USD,7.3566,7.4214
02-09-20_12:59,USD,7.3566,7.4214
02-09-20_12:59,USD,7.3566,7.4215
02-09-20_13:00,USD,7.3566,7.4215
02-09-20_13:00,USD,7.3566,7.4215
02-09-20_13:01,USD,7.3551,7.4199
02-09-20_13:01,USD,7.3551,7.4199
02-09-20_13:02,USD,7.3546,7.4193
02-09-20_13:02,USD,7.3546,7.4193
02-09-20_13:03,USD,7.3546,7.4193
02-09-20_13:03,USD,7.3529,7.4181
02-09-20_13:04,USD,7.3529,7.4181
02-09-20_13:04,USD,7.3529,7.4181
02-09-20_13:05,USD,7.3519,7.4174
02-09-20_13:05,USD,7.3519,7.4174
02-09-20_13:06,USD,7.353,7.4188
02-09-20_13:06,USD,7.353,7.4188
02-09-20_13:07,USD,7.353,7.4188
02-09-20_13:07,USD,7.3529,7.4182
02-09-20_13:08,USD,7.3529,7.4182
02-09-20_13:08,USD,7.3529,7.4182
02-09-20_13:09,USD,7.3519,7.4178
02-09-20_13:09,USD,7.3519,7.4178
02-09-20_13:10,USD,7.3537,7.4187
02-09-20_13:10,USD,7.3537,7.4187
02-09-20_13:11,USD,7.3537,7.4187
02-09-20_13:11,USD,7.3541,7.4189
02-09-20_13:12,USD,7.3541,7.4189
02-09-20_13:12,USD,7.3541,7.4189
02-09-20_13:13,USD,7.3545,7.4194
02-09-20_13:13,USD,7.3545,7.4194
02-09-20_13:14,USD,7.3541,7.4189
02-09-20_13:14,USD,7.3541,7.4189
02-09-20_13:15,USD,7.3541,7.4189
02-09-20_13:15,USD,7.3541,7.419
02-09-20_13:16,USD,7.3541,7.419
02-09-20_13:16,USD,7.3541,7.419
02-09-20_13:17,USD,7.3541,7.419
02-09-20_13:17,USD,7.3541,7.419
02-09-20_13:18,USD,7.3546,7.4191
02-09-20_13:18,USD,7.3546,7.4191
02-09-20_13:19,USD,7.3546,7.4191
02-09-20_13:19,USD,7.3559,7.4205
02-09-20_13:20,USD,7.3559,7.4205
02-09-20_13:20,USD,7.3559,7.4205
02-09-20_13:21,USD,7.3558,7.4205
02-09-20_13:21,USD,7.3558,7.4205
02-09-20_13:22,USD,7.3544,7.4197
02-09-20_13:22,USD,7.3544,7.4197
02-09-20_13:23,USD,7.3544,7.4197
02-09-20_13:23,USD,7.3545,7.4192
02-09-20_13:24,USD,7.3545,7.4192
02-09-20_13:24,USD,7.3545,7.4192
02-09-20_13:25,USD,7.3545,7.4193
02-09-20_13:25,USD,7.3545,7.4193
02-09-20_13:26,USD,7.3546,7.4197
02-09-20_13:26,USD,7.3546,7.4197
02-09-20_13:27,USD,7.3546,7.4197
02-09-20_13:27,USD,7.3546,7.4201
02-09-20_13:28,USD,7.3546,7.4201
02-09-20_13:28,USD,7.3546,7.4201
02-09-20_13:29,USD,7.3553,7.4205
02-09-20_13:29,USD,7.3553,7.4205
02-09-20_13:30,USD,7.3558,7.4205
02-09-20_13:30,USD,7.3558,7.4205
02-09-20_13:31,USD,7.3558,7.4205
02-09-20_13:31,USD,7.3554,7.4201
02-09-20_13:32,USD,7.3554,7.4201
02-09-20_13:32,USD,7.3554,7.4201
02-09-20_13:33,USD,7.3554,7.4201
02-09-20_13:33,USD,7.3554,7.4201
02-09-20_13:34,USD,7.3554,7.42
02-09-20_13:34,USD,7.3554,7.42
02-09-20_13:35,USD,7.3554,7.42
02-09-20_13:35,USD,7.3554,7.4202
02-09-20_13:36,USD,7.3554,7.4202
02-09-20_13:36,USD,7.3554,7.4202
02-09-20_13:37,USD,7.3554,7.4202
02-09-20_13:37,USD,7.3554,7.4202
02-09-20_13:38,USD,7.3554,7.4198
02-09-20_13:38,USD,7.3554,7.4198
02-09-20_13:39,USD,7.3554,7.4198
02-09-20_13:39,USD,7.3527,7.4178
02-09-20_13:40,USD,7.3527,7.4178
02-09-20_13:40,USD,7.3527,7.4178
02-09-20_13:41,USD,7.3525,7.4178
02-09-20_13:41,USD,7.3525,7.4178
02-09-20_13:42,USD,7.3527,7.4178
02-09-20_13:42,USD,7.3527,7.4178
02-09-20_13:43,USD,7.3527,7.4178
02-09-20_13:43,USD,7.3526,7.4179
02-09-20_13:44,USD,7.3526,7.4179
02-09-20_13:44,USD,7.3526,7.4179
02-09-20_13:45,USD,7.3521,7.4176
02-09-20_13:45,USD,7.3521,7.4176
02-09-20_13:46,USD,7.3518,7.4177
02-09-20_13:46,USD,7.3518,7.4177
02-09-20_13:47,USD,7.3518,7.4177
02-09-20_13:47,USD,7.3529,7.4181
02-09-20_13:48,USD,7.3529,7.4181
02-09-20_13:48,USD,7.3529,7.4181
02-09-20_13:49,USD,7.3528,7.4181
02-09-20_13:49,USD,7.3528,7.4181
02-09-20_13:50,USD,7.3537,7.4188
02-09-20_13:50,USD,7.3537,7.4188
02-09-20_13:51,USD,7.3537,7.4188
02-09-20_13:51,USD,7.3536,7.4189
02-09-20_13:52,USD,7.3536,7.4189
02-09-20_13:52,USD,7.3536,7.4189
02-09-20_13:53,USD,7.3538,7.4184
02-09-20_13:53,USD,7.3538,7.4184
02-09-20_13:54,USD,7.3538,7.4184
02-09-20_13:54,USD,7.3538,7.4184
02-09-20_13:55,USD,7.3538,7.4184
02-09-20_13:55,USD,7.3538,7.4188
02-09-20_13:56,USD,7.3538,7.4188
02-09-20_13:56,USD,7.3538,7.4188
02-09-20_13:57,USD,7.3538,7.4181
02-09-20_13:57,USD,7.3538,7.4181
02-09-20_13:58,USD,7.3535,7.4181
02-09-20_13:58,USD,7.3535,7.4181
02-09-20_13:59,USD,7.3535,7.4181
02-09-20_13:59,USD,7.3531,7.4181
02-09-20_14:00,USD,7.3531,7.4181
02-09-20_14:00,USD,7.3531,7.4181
02-09-20_14:01,USD,7.3535,7.4184
02-09-20_14:01,USD,7.3535,7.4184
02-09-20_14:02,USD,7.3533,7.4187
02-09-20_14:02,USD,7.3533,7.4187
02-09-20_14:03,USD,7.3533,7.4187
02-09-20_14:03,USD,7.3528,7.4179
02-09-20_14:04,USD,7.3528,7.4179
02-09-20_14:04,USD,7.3528,7.4179
02-09-20_14:05,USD,7.3528,7.418
02-09-20_14:05,USD,7.3528,7.418
02-09-20_14:06,USD,7.3531,7.4183
02-09-20_14:06,USD,7.3531,7.4183
02-09-20_14:07,USD,7.3531,7.4183
02-09-20_14:07,USD,7.3531,7.4183
02-09-20_14:08,USD,7.3531,7.4183
02-09-20_14:08,USD,7.3531,7.4183
02-09-20_14:09,USD,7.3529,7.4181
02-09-20_14:09,USD,7.3529,7.4181
02-09-20_14:10,USD,7.3525,7.4182
02-09-20_14:10,USD,7.3525,7.4182
02-09-20_14:11,USD,7.3525,7.4182
02-09-20_14:11,USD,7.3472,7.4125
02-09-20_14:12,USD,7.3472,7.4125
02-09-20_14:12,USD,7.3472,7.4125
02-09-20_14:13,USD,7.3461,7.4113
02-09-20_14:13,USD,7.3461,7.4113
02-09-20_14:14,USD,7.3465,7.412
02-09-20_14:14,USD,7.3465,7.412
02-09-20_14:15,USD,7.3465,7.412
02-09-20_14:15,USD,7.3465,7.4124
02-09-20_14:16,USD,7.3465,7.4124
02-09-20_14:16,USD,7.3465,7.4124
02-09-20_14:17,USD,7.3468,7.412
02-09-20_14:17,USD,7.3468,7.412
02-09-20_14:18,USD,7.3465,7.4113
02-09-20_14:18,USD,7.3465,7.4113
02-09-20_14:19,USD,7.3465,7.4113
02-09-20_14:19,USD,7.3472,7.4128
02-09-20_14:20,USD,7.3472,7.4128
02-09-20_14:20,USD,7.3472,7.4128
02-09-20_14:21,USD,7.348,7.4123
02-09-20_14:21,USD,7.348,7.4123
02-09-20_14:22,USD,7.348,7.413
02-09-20_14:22,USD,7.348,7.413
02-09-20_14:23,USD,7.348,7.413
02-09-20_14:23,USD,7.3478,7.413
02-09-20_14:24,USD,7.3478,7.413
02-09-20_14:24,USD,7.3478,7.413
02-09-20_14:25,USD,7.3478,7.413
02-09-20_14:25,USD,7.3478,7.413
02-09-20_14:26,USD,7.3479,7.4133
02-09-20_14:26,USD,7.3479,7.4133
02-09-20_14:27,USD,7.3479,7.4133
02-09-20_14:27,USD,7.3495,7.414
02-09-20_14:28,USD,7.3495,7.414
02-09-20_14:28,USD,7.3495,7.414
02-09-20_14:29,USD,7.3488,7.4136
02-09-20_14:29,USD,7.3488,7.4136
02-09-20_14:30,USD,7.3482,7.4132
02-09-20_14:30,USD,7.3482,7.4132
02-09-20_14:31,USD,7.3482,7.4132
02-09-20_14:31,USD,7.348,7.4135
02-09-20_14:32,USD,7.348,7.4135
02-09-20_14:32,USD,7.348,7.4135
02-09-20_14:33,USD,7.3493,7.4143
02-09-20_14:33,USD,7.3493,7.4143
02-09-20_14:34,USD,7.3492,7.4147
02-09-20_14:34,USD,7.3492,7.4147
02-09-20_14:35,USD,7.3492,7.4147
02-09-20_14:35,USD,7.3492,7.4148
02-09-20_14:36,USD,7.3492,7.4148
02-09-20_14:36,USD,7.3492,7.4148
02-09-20_14:37,USD,7.3492,7.4145
02-09-20_14:37,USD,7.3492,7.4145
02-09-20_14:38,USD,7.3491,7.4149
02-09-20_14:38,USD,7.3491,7.4149
02-09-20_14:39,USD,7.3491,7.4149
02-09-20_14:39,USD,7.3502,7.4149
02-09-20_14:40,USD,7.3502,7.4149
02-09-20_14:40,USD,7.3502,7.4149
02-09-20_14:41,USD,7.3502,7.4153
02-09-20_14:41,USD,7.3502,7.4153
02-09-20_14:42,USD,7.3492,7.4151
02-09-20_14:42,USD,7.3492,7.4151
02-09-20_14:43,USD,7.3492,7.4151
02-09-20_14:43,USD,7.3493,7.4152
02-09-20_14:44,USD,7.3493,7.4152
02-09-20_14:44,USD,7.3493,7.4152
02-09-20_14:45,USD,7.3502,7.4153
02-09-20_14:45,USD,7.3502,7.4153
02-09-20_14:46,USD,7.3492,7.4153
02-09-20_14:46,USD,7.3492,7.4153
02-09-20_14:47,USD,7.3492,7.4153
02-09-20_14:47,USD,7.3497,7.4147
02-09-20_14:48,USD,7.3497,7.4147
02-09-20_14:48,USD,7.3497,7.4147
02-09-20_14:49,USD,7.3496,7.4147
02-09-20_14:49,USD,7.3496,7.4147
02-09-20_14:50,USD,7.3492,7.4144
02-09-20_14:50,USD,7.3492,7.4144
02-09-20_14:51,USD,7.3492,7.4144
02-09-20_14:51,USD,7.3497,7.4151
02-09-20_14:52,USD,7.3497,7.4151
02-09-20_14:52,USD,7.3497,7.4151
02-09-20_14:53,USD,7.3496,7.4148
02-09-20_14:53,USD,7.3496,7.4148
02-09-20_14:54,USD,7.3492,7.4144
02-09-20_14:54,USD,7.3492,7.4144
02-09-20_14:55,USD,7.3492,7.4144
02-09-20_14:55,USD,7.3511,7.4153
02-09-20_14:56,USD,7.3511,7.4153
02-09-20_14:56,USD,7.3511,7.4153
02-09-20_14:57,USD,7.3507,7.4154
02-09-20_14:57,USD,7.3507,7.4154
02-09-20_14:58,USD,7.3508,7.4151
02-09-20_14:58,USD,7.3508,7.4151
02-09-20_14:59,USD,7.3508,7.4151
02-09-20_14:59,USD,7.351,7.4153
02-09-20_15:00,USD,7.351,7.4153
02-09-20_15:00,USD,7.351,7.4153
02-09-20_15:01,USD,7.3502,7.4153
02-09-20_15:01,USD,7.3502,7.4153
02-09-20_15:02,USD,7.3481,7.4135
02-09-20_15:02,USD,7.3481,7.4135
02-09-20_15:03,USD,7.3481,7.4135
02-09-20_15:03,USD,7.3478,7.4133
02-09-20_15:04,USD,7.3478,7.4133
02-09-20_15:04,USD,7.3478,7.4133
02-09-20_15:05,USD,7.348,7.4134
02-09-20_15:05,USD,7.348,7.4134
02-09-20_15:06,USD,7.3486,7.4138
02-09-20_15:06,USD,7.3486,7.4138
02-09-20_15:07,USD,7.3486,7.4138
02-09-20_15:07,USD,7.3506,7.4152
02-09-20_15:08,USD,7.3506,7.4152
02-09-20_15:08,USD,7.3506,7.4152
02-09-20_15:09,USD,7.3494,7.4147
02-09-20_15:09,USD,7.3494,7.4147
02-09-20_15:10,USD,7.3494,7.4148
02-09-20_15:10,USD,7.3494,7.4148
02-09-20_15:11,USD,7.3494,7.4148
02-09-20_15:11,USD,7.3491,7.4147
02-09-20_15:12,USD,7.3491,7.4147
02-09-20_15:12,USD,7.3491,7.4147
02-09-20_15:13,USD,7.3492,7.4149
02-09-20_15:13,USD,7.3492,7.4149
02-09-20_15:14,USD,7.3502,7.4157
02-09-20_15:14,USD,7.3502,7.4157
02-09-20_15:15,USD,7.3502,7.4157
02-09-20_15:15,USD,7.3499,7.4154
02-09-20_15:16,USD,7.3499,7.4154
02-09-20_15:16,USD,7.3499,7.4154
02-09-20_15:17,USD,7.349,7.415
02-09-20_15:17,USD,7.349,7.415
02-09-20_15:18,USD,7.3489,7.4153
02-09-20_15:18,USD,7.3489,7.4153
02-09-20_15:19,USD,7.3489,7.4153
02-09-20_15:19,USD,7.3488,7.4145
02-09-20_15:20,USD,7.3488,7.4145
02-09-20_15:20,USD,7.3488,7.4145
02-09-20_15:21,USD,7.3501,7.4157
02-09-20_15:21,USD,7.3501,7.4157
02-09-20_15:22,USD,7.3491,7.4146
02-09-20_15:22,USD,7.3491,7.4146
02-09-20_15:23,USD,7.3491,7.4146
02-09-20_15:23,USD,7.3499,7.4153
02-09-20_15:24,USD,7.3499,7.4153
02-09-20_15:24,USD,7.3499,7.4153
02-09-20_15:25,USD,7.3492,7.4143
02-09-20_15:25,USD,7.3492,7.4143
02-09-20_15:26,USD,7.35,7.4154
02-09-20_15:26,USD,7.35,7.4154
02-09-20_15:27,USD,7.35,7.4154
02-09-20_15:27,USD,7.3499,7.4152
02-09-20_15:28,USD,7.3499,7.4152
02-09-20_15:28,USD,7.3499,7.4152
02-09-20_15:29,USD,7.3495,7.4149
02-09-20_15:29,USD,7.3495,7.4149
02-09-20_15:30,USD,7.3494,7.4151
02-09-20_15:30,USD,7.3494,7.4151
02-09-20_15:31,USD,7.3494,7.4151
02-09-20_15:31,USD,7.3493,7.4147
02-09-20_15:32,USD,7.3493,7.4147
02-09-20_15:32,USD,7.3493,7.4147
02-09-20_15:33,USD,7.3491,7.4148
02-09-20_15:33,USD,7.3491,7.4148
02-09-20_15:34,USD,7.3498,7.4148
02-09-20_15:34,USD,7.3498,7.4148
02-09-20_15:35,USD,7.3498,7.4148
02-09-20_15:35,USD,7.3522,7.4166
02-09-20_15:36,USD,7.3522,7.4166
02-09-20_15:36,USD,7.3522,7.4166
02-09-20_15:37,USD,7.352,7.4162
02-09-20_15:37,USD,7.352,7.4162
02-09-20_15:38,USD,7.3484,7.4138
02-09-20_15:38,USD,7.3484,7.4138
02-09-20_15:39,USD,7.3484,7.4138
02-09-20_15:39,USD,7.3487,7.414
02-09-20_15:40,USD,7.3487,7.414
02-09-20_15:40,USD,7.3487,7.414
02-09-20_15:41,USD,7.3484,7.4126
02-09-20_15:41,USD,7.3484,7.4126
02-09-20_15:42,USD,7.3484,7.4126
02-09-20_15:42,USD,7.347,7.4119
02-09-20_15:43,USD,7.347,7.4119
02-09-20_15:43,USD,7.3472,7.412
02-09-20_15:44,USD,7.3472,7.412
02-09-20_15:44,USD,7.3472,7.412
02-09-20_15:45,USD,7.347,7.4113
02-09-20_15:45,USD,7.347,7.4113
02-09-20_15:46,USD,7.3474,7.4124
02-09-20_15:46,USD,7.3474,7.4124
02-09-20_15:47,USD,7.3474,7.4124
02-09-20_15:47,USD,7.3478,7.4132
02-09-20_15:48,USD,7.3478,7.4132
02-09-20_15:48,USD,7.3478,7.4132
02-09-20_15:49,USD,7.349,7.4144
02-09-20_15:49,USD,7.349,7.4144
02-09-20_15:50,USD,7.349,7.4144
02-09-20_15:50,USD,7.3476,7.4129
02-09-20_15:51,USD,7.3476,7.4129
02-09-20_15:51,USD,7.349,7.414
02-09-20_15:52,USD,7.349,7.414
02-09-20_15:52,USD,7.349,7.414
02-09-20_15:53,USD,7.3487,7.4131
02-09-20_15:53,USD,7.3487,7.4131
02-09-20_15:54,USD,7.3487,7.4131
02-09-20_15:54,USD,7.3464,7.4109
02-09-20_15:55,USD,7.3464,7.4109
02-09-20_15:55,USD,7.3477,7.412
02-09-20_15:56,USD,7.3477,7.412
02-09-20_15:56,USD,7.3477,7.412
02-09-20_15:57,USD,7.3485,7.4132
02-09-20_15:57,USD,7.3485,7.4132
02-09-20_15:58,USD,7.3485,7.4132
02-09-20_15:58,USD,7.3498,7.4148
02-09-20_15:59,USD,7.3498,7.4148
02-09-20_15:59,USD,7.3514,7.4156
02-09-20_16:00,USD,7.3514,7.4156
02-09-20_16:00,USD,7.3514,7.4156
02-09-20_16:01,USD,7.3513,7.4155
02-09-20_16:01,USD,7.3513,7.4155
02-09-20_16:02,USD,7.3511,7.4154
02-09-20_16:02,USD,7.3511,7.4154
02-09-20_16:03,USD,7.3511,7.4154
02-09-20_16:03,USD,7.3489,7.4135
02-09-20_16:04,USD,7.3489,7.4135
02-09-20_16:04,USD,7.3489,7.4135
02-09-20_16:05,USD,7.3485,7.4126
02-09-20_16:05,USD,7.3485,7.4126
02-09-20_16:06,USD,7.3489,7.4139
02-09-20_16:06,USD,7.3489,7.4139
02-09-20_16:07,USD,7.3489,7.4139
02-09-20_16:07,USD,7.3487,7.4135
02-09-20_16:08,USD,7.3487,7.4135
02-09-20_16:08,USD,7.3487,7.4135
02-09-20_16:09,USD,7.3486,7.4134
02-09-20_16:09,USD,7.3486,7.4134
02-09-20_16:10,USD,7.3491,7.4141
02-09-20_16:10,USD,7.3491,7.4141
02-09-20_16:11,USD,7.3491,7.4141
02-09-20_16:11,USD,7.3493,7.4141
02-09-20_16:12,USD,7.3493,7.4141
02-09-20_16:12,USD,7.3493,7.4141
02-09-20_16:13,USD,7.3494,7.414
02-09-20_16:13,USD,7.3494,7.414
02-09-20_16:14,USD,7.3489,7.4138
02-09-20_16:14,USD,7.3489,7.4138
02-09-20_16:15,USD,7.3489,7.4138
02-09-20_16:15,USD,7.3495,7.4138
02-09-20_16:16,USD,7.3495,7.4138
02-09-20_16:16,USD,7.3495,7.4138
02-09-20_16:17,USD,7.3497,7.4144
02-09-20_16:17,USD,7.3497,7.4144
02-09-20_16:18,USD,7.3497,7.4144
02-09-20_16:18,USD,7.3516,7.416
02-09-20_16:19,USD,7.3516,7.416
02-09-20_16:19,USD,7.3511,7.416
02-09-20_16:20,USD,7.3511,7.416
02-09-20_16:20,USD,7.3511,7.416
02-09-20_16:21,USD,7.3512,7.4158
02-09-20_16:21,USD,7.3512,7.4158
02-09-20_16:22,USD,7.3512,7.4158
02-09-20_16:22,USD,7.3509,7.4154
02-09-20_16:23,USD,7.3509,7.4154
02-09-20_16:23,USD,7.3509,7.4154
02-09-20_16:24,USD,7.3509,7.4154
02-09-20_16:24,USD,7.3509,7.4154
02-09-20_16:25,USD,7.3507,7.4153
02-09-20_16:25,USD,7.3507,7.4153
02-09-20_16:26,USD,7.3507,7.4153
02-09-20_16:26,USD,7.3509,7.4154
02-09-20_16:27,USD,7.3509,7.4154
02-09-20_16:27,USD,7.351,7.4152
02-09-20_16:28,USD,7.351,7.4152
02-09-20_16:28,USD,7.351,7.4152
02-09-20_16:29,USD,7.3506,7.4152
02-09-20_16:29,USD,7.3506,7.4152
02-09-20_16:30,USD,7.3506,7.4152
02-09-20_16:30,USD,7.3507,7.4153
02-09-20_16:31,USD,7.3507,7.4153
02-09-20_16:31,USD,7.3507,7.4153
02-09-20_16:32,USD,7.3507,7.4153
02-09-20_16:32,USD,7.3507,7.4153
02-09-20_16:33,USD,7.3508,7.4154
02-09-20_16:33,USD,7.3508,7.4154
02-09-20_16:34,USD,7.3508,7.4154
02-09-20_16:34,USD,7.3507,7.4154
02-09-20_16:35,USD,7.3507,7.4154
02-09-20_16:35,USD,7.3508,7.4153
02-09-20_16:36,USD,7.3508,7.4153
02-09-20_16:36,USD,7.3508,7.4153
02-09-20_16:37,USD,7.3506,7.4151
02-09-20_16:37,USD,7.3506,7.4151
02-09-20_16:38,USD,7.3506,7.4151
02-09-20_16:38,USD,7.3506,7.4152
02-09-20_16:39,USD,7.3506,7.4152
02-09-20_16:39,USD,7.3506,7.4152
02-09-20_16:40,USD,7.3506,7.4152
02-09-20_16:40,USD,7.3506,7.4152
02-09-20_16:41,USD,7.3506,7.415
02-09-20_16:41,USD,7.3506,7.415
02-09-20_16:42,USD,7.3506,7.415
02-09-20_16:42,USD,7.3506,7.415
02-09-20_16:43,USD,7.3506,7.415
02-09-20_16:43,USD,7.3505,7.4152
02-09-20_16:44,USD,7.3505,7.4152
02-09-20_16:44,USD,7.3504,7.4153
02-09-20_16:45,USD,7.3504,7.4153
02-09-20_16:45,USD,7.3504,7.4153
02-09-20_16:46,USD,7.3504,7.4151
02-09-20_16:46,USD,7.3504,7.4151
02-09-20_16:47,USD,7.3504,7.4151
02-09-20_16:47,USD,7.351,7.4156
02-09-20_16:48,USD,7.351,7.4156
02-09-20_16:48,USD,7.351,7.4156
02-09-20_16:49,USD,7.3506,7.4148
02-09-20_16:49,USD,7.3506,7.4148
02-09-20_16:50,USD,7.3506,7.4148
02-09-20_16:50,USD,7.3509,7.4148
02-09-20_16:51,USD,7.351,7.4158
02-09-20_16:51,USD,7.3511,7.4157
02-09-20_16:52,USD,7.3511,7.4157
02-09-20_16:52,USD,7.3511,7.4157
02-09-20_16:53,USD,7.3531,7.4178
02-09-20_16:53,USD,7.3531,7.4178
02-09-20_16:54,USD,7.3534,7.4185
02-09-20_16:54,USD,7.3534,7.4185
02-09-20_16:55,USD,7.3534,7.4185
02-09-20_16:55,USD,7.3534,7.4186
02-09-20_16:56,USD,7.3534,7.4186
02-09-20_16:56,USD,7.3534,7.4186
02-09-20_16:57,USD,7.3534,7.4187
02-09-20_16:57,USD,7.354,7.4189
02-09-20_16:58,USD,7.3534,7.4187
02-09-20_16:58,USD,7.354,7.4189
02-09-20_16:59,USD,7.3544,7.4194
02-09-20_16:59,USD,7.3544,7.4194
02-09-20_17:00,USD,7.3544,7.4194
02-09-20_17:00,USD,7.3532,7.419
02-09-20_17:01,USD,7.3533,7.4194
02-09-20_17:01,USD,7.3533,7.4194
02-09-20_17:02,USD,7.3535,7.4196
02-09-20_17:02,USD,7.3535,7.4196
02-09-20_17:03,USD,7.3535,7.4196
02-09-20_17:03,USD,7.353,7.4184
02-09-20_17:04,USD,7.3535,7.4196
02-09-20_17:04,USD,7.353,7.4184
02-09-20_17:05,USD,7.3531,7.4186
02-09-20_17:05,USD,7.3531,7.4186
02-09-20_17:06,USD,7.3532,7.4188
02-09-20_17:06,USD,7.3542,7.419
02-09-20_17:07,USD,7.3542,7.419
02-09-20_17:07,USD,7.3542,7.419
02-09-20_17:08,USD,7.3542,7.419
02-09-20_17:08,USD,7.3541,7.4194
02-09-20_17:09,USD,7.3539,7.4191
02-09-20_17:09,USD,7.3543,7.4195
02-09-20_17:10,USD,7.3543,7.4195
02-09-20_17:10,USD,7.3541,7.4194
02-09-20_17:11,USD,7.3541,7.4194
02-09-20_17:11,USD,7.3541,7.4194
02-09-20_17:12,USD,7.3549,7.4195
02-09-20_17:12,USD,7.3549,7.4195
02-09-20_17:13,USD,7.3531,7.4184
02-09-20_17:13,USD,7.3531,7.4184
02-09-20_17:14,USD,7.3531,7.4184
02-09-20_17:14,USD,7.3519,7.4176
02-09-20_17:15,USD,7.3526,7.4185
02-09-20_17:15,USD,7.3539,7.4193
02-09-20_17:16,USD,7.3526,7.4185
02-09-20_17:16,USD,7.3539,7.4193
02-09-20_17:17,USD,7.3534,7.4192
02-09-20_17:17,USD,7.3534,7.4192
02-09-20_17:18,USD,7.3547,7.4196
02-09-20_17:18,USD,7.3549,7.4201
02-09-20_17:19,USD,7.3549,7.4201
02-09-20_17:19,USD,7.3544,7.42
02-09-20_17:20,USD,7.3544,7.42
02-09-20_17:20,USD,7.3548,7.4207
02-09-20_17:21,USD,7.3548,7.4207
02-09-20_17:21,USD,7.3548,7.4207
02-09-20_17:22,USD,7.3543,7.4193
02-09-20_17:22,USD,7.3543,7.4193
02-09-20_17:23,USD,7.3543,7.4193
02-09-20_17:23,USD,7.3549,7.42
02-09-20_17:24,USD,7.3549,7.42
02-09-20_17:24,USD,7.3559,7.4208
02-09-20_17:25,USD,7.3559,7.4208
02-09-20_17:25,USD,7.3559,7.4208
02-09-20_17:26,USD,7.3569,7.4214
02-09-20_17:26,USD,7.3569,7.4214
02-09-20_17:27,USD,7.3569,7.4214
02-09-20_17:27,USD,7.3531,7.4186
02-09-20_17:28,USD,7.3531,7.4186
02-09-20_17:28,USD,7.3539,7.419
02-09-20_17:29,USD,7.3539,7.419
02-09-20_17:29,USD,7.3539,7.419
02-09-20_17:30,USD,7.3536,7.4195
02-09-20_17:30,USD,7.3536,7.4195
02-09-20_17:31,USD,7.3536,7.4195
02-09-20_17:31,USD,7.354,7.4195
02-09-20_17:32,USD,7.354,7.4195
02-09-20_17:32,USD,7.354,7.4195
02-09-20_17:33,USD,7.354,7.4195
02-09-20_17:33,USD,7.354,7.4195
02-09-20_17:34,USD,7.354,7.4195
02-09-20_17:34,USD,7.354,7.4195
02-09-20_17:35,USD,7.354,7.4195
02-09-20_17:35,USD,7.354,7.4195
02-09-20_17:36,USD,7.354,7.4195
02-09-20_17:36,USD,7.354,7.4195
02-09-20_17:37,USD,7.354,7.4195
02-09-20_17:37,USD,7.354,7.4195
02-09-20_17:38,USD,7.354,7.4195
02-09-20_17:38,USD,7.354,7.4195
02-09-20_17:39,USD,7.354,7.4195
02-09-20_17:39,USD,7.354,7.4195
02-09-20_17:40,USD,7.354,7.4195
02-09-20_17:40,USD,7.354,7.4195
02-09-20_17:41,USD,7.354,7.4195
02-09-20_17:41,USD,7.354,7.4195
02-09-20_17:42,USD,7.354,7.4195
02-09-20_17:42,USD,7.354,7.4195
02-09-20_17:43,USD,7.354,7.4195
02-09-20_17:43,USD,7.3538,7.4197
02-09-20_17:44,USD,7.3538,7.4197
02-09-20_17:44,USD,7.3544,7.4193
02-09-20_17:45,USD,7.3544,7.4193
02-09-20_17:45,USD,7.3544,7.4193
02-09-20_17:46,USD,7.3541,7.42
02-09-20_17:46,USD,7.3541,7.42
02-09-20_17:47,USD,7.3541,7.42
02-09-20_17:47,USD,7.3545,7.4198
02-09-20_17:48,USD,7.3545,7.4198
02-09-20_17:48,USD,7.3546,7.4199
02-09-20_17:49,USD,7.3546,7.4199
02-09-20_17:49,USD,7.3546,7.4199
02-09-20_17:50,USD,7.3546,7.4197
02-09-20_17:50,USD,7.3546,7.4197
02-09-20_17:51,USD,7.3546,7.4197
02-09-20_17:51,USD,7.3549,7.4202
02-09-20_17:52,USD,7.3549,7.4202
02-09-20_17:52,USD,7.3549,7.4202
02-09-20_17:53,USD,7.3549,7.4202
02-09-20_17:53,USD,7.3549,7.4202
02-09-20_17:54,USD,7.3547,7.4201
02-09-20_17:54,USD,7.3547,7.4201
02-09-20_17:55,USD,7.3547,7.4201
02-09-20_17:55,USD,7.3547,7.4201
02-09-20_17:56,USD,7.3547,7.4201
02-09-20_17:56,USD,7.3547,7.4201
02-09-20_17:57,USD,7.3547,7.4201
02-09-20_17:57,USD,7.3547,7.4201
02-09-20_17:58,USD,7.3547,7.4201
02-09-20_17:58,USD,7.3547,7.4201
02-09-20_17:59,USD,7.3547,7.4201
02-09-20_17:59,USD,7.3547,7.4201
