time,currency,selling,buying,effective_selling,effective_buying
31-08-20_09:00,USD,7.3069,7.3803,7.2959,7.4024
31-08-20_09:01,USD,7.3069,7.3803,7.2959,7.4024
31-08-20_09:01,USD,7.3069,7.3803,7.2959,7.4024
31-08-20_09:02,USD,7.3069,7.3803,7.2959,7.4024
31-08-20_09:02,USD,7.3069,7.3803,7.2959,7.4024
31-08-20_09:03,USD,7.3069,7.3803,7.2959,7.4024
31-08-20_09:04,USD,7.3069,7.3803,7.2959,7.4024
31-08-20_09:04,USD,7.3069,7.3803,7.2959,7.4024
31-08-20_09:05,USD,7.3069,7.3803,7.2959,7.4024
31-08-20_09:05,USD,7.3069,7.3803,7.2959,7.4024
31-08-20_09:06,USD,7.3069,7.3803,7.2959,7.4024
31-08-20_09:07,USD,7.3069,7.3803,7.2959,7.4024
31-08-20_09:07,USD,7.3069,7.3803,7.2959,7.4024
31-08-20_09:08,USD,7.3069,7.3803,7.2959,7.4024
31-08-20_09:08,USD,7.3069,7.3803,7.2959,7.4024
31-08-20_09:09,USD,7.3069,7.3803,7.2959,7.4024
31-08-20_09:10,USD,7.3069,7.3803,7.2959,7.4024
31-08-20_09:10,USD,7.3069,7.3803,7.2959,7.4024
31-08-20_09:11,USD,7.3069,7.3803,7.2959,7.4024
31-08-20_09:11,USD,7.3069,7.3803,7.2959,7.4024
31-08-20_09:12,USD,7.3069,7.3803,7.2959,7.4024
31-08-20_09:13,USD,7.3069,7.3803,7.2959,7.4024
31-08-20_09:13,USD,7.3069,7.3803,7.2959,7.4024
31-08-20_09:14,USD,7.3069,7.3803,7.2959,7.4024
31-08-20_09:14,USD,7.3069,7.3803,7.2959,7.4024
31-08-20_09:15,USD,7.3069,7.3803,7.2959,7.4024
31-08-20_09:16,USD,7.3069,7.3803,7.2959,7.4024
31-08-20_09:16,USD,7.3069,7.3803,7.2959,7.4024
31-08-20_09:17,USD,7.3069,7.3803,7.2959,7.4024
31-08-20_09:17,USD,7.3069,7.3803,7.2959,7.4024
31-08-20_09:18,USD,7.3069,7.3803,7.2959,7.4024
31-08-20_09:19,USD,7.3069,7.3803,7.2959,7.4024
31-08-20_09:19,USD,7.3069,7.3803,7.2959,7.4024
31-08-20_09:20,USD,7.3069,7.3803,7.2959,7.4024
31-08-20_09:20,USD,7.3057,7.379,7.2947,7.4011
31-08-20_09:21,USD,7.3057,7.379,7.2947,7.4011
31-08-20_09:22,USD,7.3057,7.379,7.2947,7.4011
31-08-20_09:22,USD,7.3057,7.379,7.2947,7.4011
31-08-20_09:23,USD,7.3057,7.379,7.2947,7.4011
31-08-20_09:23,USD,7.3057,7.379,7.2947,7.4011
31-08-20_09:24,USD,7.3057,7.379,7.2947,7.4011
31-08-20_09:25,USD,7.3057,7.379,7.2947,7.4011
31-08-20_09:25,USD,7.3057,7.379,7.2947,7.4011
31-08-20_09:26,USD,7.3057,7.379,7.2947,7.4011
31-08-20_09:27,USD,7.3057,7.379,7.2947,7.4011
31-08-20_09:27,USD,7.3057,7.379,7.2947,7.4011
31-08-20_09:28,USD,7.3057,7.379,7.2947,7.4011
31-08-20_09:28,USD,7.3057,7.379,7.2947,7.4011
31-08-20_09:29,USD,7.3057,7.379,7.2947,7.4011
31-08-20_09:30,USD,7.3057,7.379,7.2947,7.4011
31-08-20_09:30,USD,7.3057,7.379,7.2947,7.4011
31-08-20_09:31,USD,7.3094,7.3828,7.2984,7.4049
31-08-20_09:31,USD,7.3094,7.3828,7.2984,7.4049
31-08-20_09:32,USD,7.3094,7.3828,7.2984,7.4049
31-08-20_09:32,USD,7.3094,7.3828,7.2984,7.4049
31-08-20_09:33,USD,7.3094,7.3828,7.2984,7.4049
31-08-20_09:34,USD,7.3094,7.3828,7.2984,7.4049
31-08-20_09:34,USD,7.3094,7.3828,7.2984,7.4049
31-08-20_09:35,USD,7.3094,7.3828,7.2984,7.4049
31-08-20_09:36,USD,7.3094,7.3828,7.2984,7.4049
31-08-20_09:36,USD,7.3094,7.3828,7.2984,7.4049
31-08-20_09:37,USD,7.3094,7.3828,7.2984,7.4049
31-08-20_09:37,USD,7.3094,7.3828,7.2984,7.4049
31-08-20_09:38,USD,7.3094,7.3828,7.2984,7.4049
31-08-20_09:39,USD,7.3094,7.3828,7.2984,7.4049
31-08-20_09:39,USD,7.3094,7.3828,7.2984,7.4049
31-08-20_09:40,USD,7.3094,7.3828,7.2984,7.4049
31-08-20_09:40,USD,7.3094,7.3828,7.2984,7.4049
31-08-20_09:41,USD,7.3082,7.3815,7.2972,7.4036
31-08-20_09:41,USD,7.3082,7.3815,7.2972,7.4036
31-08-20_09:42,USD,7.3082,7.3815,7.2972,7.4036
31-08-20_09:43,USD,7.3082,7.3815,7.2972,7.4036
31-08-20_09:43,USD,7.3082,7.3815,7.2972,7.4036
31-08-20_09:44,USD,7.3082,7.3815,7.2972,7.4036
31-08-20_09:44,USD,7.3082,7.3815,7.2972,7.4036
31-08-20_09:45,USD,7.3082,7.3815,7.2972,7.4036
31-08-20_09:46,USD,7.3082,7.3815,7.2972,7.4036
31-08-20_09:46,USD,7.3082,7.3815,7.2972,7.4036
31-08-20_09:47,USD,7.3082,7.3815,7.2972,7.4036
31-08-20_09:47,USD,7.3082,7.3815,7.2972,7.4036
31-08-20_09:48,USD,7.3082,7.3815,7.2972,7.4036
31-08-20_09:49,USD,7.3082,7.3815,7.2972,7.4036
31-08-20_09:49,USD,7.3082,7.3815,7.2972,7.4036
31-08-20_09:50,USD,7.3082,7.3815,7.2972,7.4036
31-08-20_09:50,USD,7.3082,7.3815,7.2972,7.4036
31-08-20_09:51,USD,7.3149,7.3883,7.3039,7.4105
31-08-20_09:52,USD,7.3149,7.3883,7.3039,7.4105
31-08-20_09:52,USD,7.3149,7.3883,7.3039,7.4105
31-08-20_09:53,USD,7.3149,7.3883,7.3039,7.4105
31-08-20_09:53,USD,7.3149,7.3883,7.3039,7.4105
31-08-20_09:54,USD,7.3149,7.3883,7.3039,7.4105
31-08-20_09:55,USD,7.3149,7.3883,7.3039,7.4105
31-08-20_09:55,USD,7.3149,7.3883,7.3039,7.4105
31-08-20_09:56,USD,7.3149,7.3883,7.3039,7.4105
31-08-20_09:57,USD,7.3149,7.3883,7.3039,7.4105
31-08-20_09:57,USD,7.3149,7.3883,7.3039,7.4105
31-08-20_09:58,USD,7.3149,7.3883,7.3039,7.4105
31-08-20_09:58,USD,7.3149,7.3883,7.3039,7.4105
31-08-20_09:59,USD,7.3149,7.3883,7.3039,7.4105
31-08-20_10:00,USD,7.3149,7.3883,7.3039,7.4105
31-08-20_10:00,USD,7.3149,7.3883,7.3039,7.4105
31-08-20_10:01,USD,7.3149,7.3883,7.3039,7.4105
31-08-20_10:01,USD,7.3218,7.3954,7.3108,7.4176
31-08-20_10:02,USD,7.3218,7.3954,7.3108,7.4176
31-08-20_10:03,USD,7.3218,7.3954,7.3108,7.4176
31-08-20_10:03,USD,7.3218,7.3954,7.3108,7.4176
31-08-20_10:04,USD,7.3218,7.3954,7.3108,7.4176
31-08-20_10:04,USD,7.3218,7.3954,7.3108,7.4176
31-08-20_10:05,USD,7.3218,7.3954,7.3108,7.4176
31-08-20_10:06,USD,7.3218,7.3954,7.3108,7.4176
31-08-20_10:06,USD,7.3218,7.3954,7.3108,7.4176
31-08-20_10:07,USD,7.3218,7.3954,7.3108,7.4176
31-08-20_10:07,USD,7.3218,7.3954,7.3108,7.4176
31-08-20_10:08,USD,7.3218,7.3954,7.3108,7.4176
31-08-20_10:09,USD,7.3218,7.3954,7.3108,7.4176
31-08-20_10:09,USD,7.3218,7.3954,7.3108,7.4176
31-08-20_10:10,USD,7.3218,7.3954,7.3108,7.4176
31-08-20_10:10,USD,7.3218,7.3954,7.3108,7.4176
31-08-20_10:11,USD,7.3218,7.3954,7.3108,7.4176
31-08-20_10:12,USD,7.3186,7.3921,7.3076,7.4143
31-08-20_10:12,USD,7.3186,7.3921,7.3076,7.4143
31-08-20_10:13,USD,7.3186,7.3921,7.3076,7.4143
31-08-20_10:13,USD,7.3186,7.3921,7.3076,7.4143
31-08-20_10:14,USD,7.3186,7.3921,7.3076,7.4143
31-08-20_10:15,USD,7.3186,7.3921,7.3076,7.4143
31-08-20_10:15,USD,7.3186,7.3921,7.3076,7.4143
31-08-20_10:16,USD,7.3186,7.3921,7.3076,7.4143
31-08-20_10:16,USD,7.3186,7.3921,7.3076,7.4143
31-08-20_10:17,USD,7.3186,7.3921,7.3076,7.4143
31-08-20_10:18,USD,7.3186,7.3921,7.3076,7.4143
31-08-20_10:18,USD,7.3186,7.3921,7.3076,7.4143
31-08-20_10:19,USD,7.3186,7.3921,7.3076,7.4143
31-08-20_10:19,USD,7.3186,7.3921,7.3076,7.4143
31-08-20_10:20,USD,7.3186,7.3921,7.3076,7.4143
31-08-20_10:21,USD,7.3186,7.3921,7.3076,7.4143
31-08-20_10:21,USD,7.3186,7.3921,7.3076,7.4143
31-08-20_10:22,USD,7.3253,7.3989,7.3143,7.4211
31-08-20_10:22,USD,7.3253,7.3989,7.3143,7.4211
31-08-20_10:23,USD,7.3253,7.3989,7.3143,7.4211
31-08-20_10:24,USD,7.3253,7.3989,7.3143,7.4211
31-08-20_10:24,USD,7.3253,7.3989,7.3143,7.4211
31-08-20_10:25,USD,7.3253,7.3989,7.3143,7.4211
31-08-20_10:25,USD,7.3253,7.3989,7.3143,7.4211
31-08-20_10:26,USD,7.3253,7.3989,7.3143,7.4211
31-08-20_10:27,USD,7.3253,7.3989,7.3143,7.4211
31-08-20_10:27,USD,7.3253,7.3989,7.3143,7.4211
31-08-20_10:28,USD,7.3253,7.3989,7.3143,7.4211
31-08-20_10:28,USD,7.3253,7.3989,7.3143,7.4211
31-08-20_10:29,USD,7.3253,7.3989,7.3143,7.4211
31-08-20_10:30,USD,7.3253,7.3989,7.3143,7.4211
31-08-20_10:30,USD,7.3253,7.3989,7.3143,7.4211
31-08-20_10:31,USD,7.3253,7.3989,7.3143,7.4211
31-08-20_10:31,USD,7.3253,7.3989,7.3143,7.4211
31-08-20_10:32,USD,7.3263,7.3999,7.3153,7.4221
31-08-20_10:33,USD,7.3263,7.3999,7.3153,7.4221
31-08-20_10:33,USD,7.3263,7.3999,7.3153,7.4221
31-08-20_10:34,USD,7.3263,7.3999,7.3153,7.4221
31-08-20_10:34,USD,7.3263,7.3999,7.3153,7.4221
31-08-20_10:35,USD,7.3263,7.3999,7.3153,7.4221
31-08-20_10:36,USD,7.3263,7.3999,7.3153,7.4221
31-08-20_10:36,USD,7.3263,7.3999,7.3153,7.4221
31-08-20_10:37,USD,7.3263,7.3999,7.3153,7.4221
31-08-20_10:38,USD,7.3263,7.3999,7.3153,7.4221
31-08-20_10:38,USD,7.3263,7.3999,7.3153,7.4221
31-08-20_10:39,USD,7.3263,7.3999,7.3153,7.4221
31-08-20_10:39,USD,7.3263,7.3999,7.3153,7.4221
31-08-20_10:40,USD,7.3263,7.3999,7.3153,7.4221
31-08-20_10:41,USD,7.3263,7.3999,7.3153,7.4221
31-08-20_10:41,USD,7.3263,7.3999,7.3153,7.4221
31-08-20_10:42,USD,7.3263,7.3999,7.3153,7.4221
31-08-20_10:42,USD,7.3204,7.3938,7.3094,7.416
31-08-20_10:43,USD,7.3204,7.3938,7.3094,7.416
31-08-20_10:44,USD,7.3204,7.3938,7.3094,7.416
31-08-20_10:44,USD,7.3204,7.3938,7.3094,7.416
31-08-20_10:45,USD,7.3204,7.3938,7.3094,7.416
31-08-20_10:45,USD,7.3204,7.3938,7.3094,7.416
31-08-20_10:46,USD,7.3204,7.3938,7.3094,7.416
31-08-20_10:47,USD,7.3204,7.3938,7.3094,7.416
31-08-20_10:47,USD,7.3204,7.3938,7.3094,7.416
31-08-20_10:48,USD,7.3204,7.3938,7.3094,7.416
31-08-20_10:48,USD,7.3204,7.3938,7.3094,7.416
31-08-20_10:49,USD,7.3204,7.3938,7.3094,7.416
31-08-20_10:50,USD,7.3204,7.3938,7.3094,7.416
31-08-20_10:50,USD,7.3204,7.3938,7.3094,7.416
31-08-20_10:51,USD,7.3204,7.3938,7.3094,7.416
31-08-20_10:51,USD,7.3204,7.3938,7.3094,7.416
31-08-20_10:52,USD,7.3204,7.3938,7.3094,7.416
31-08-20_10:53,USD,7.3108,7.3842,7.2998,7.4064
31-08-20_10:53,USD,7.3108,7.3842,7.2998,7.4064
31-08-20_10:54,USD,7.3108,7.3842,7.2998,7.4064
31-08-20_10:54,USD,7.3108,7.3842,7.2998,7.4064
31-08-20_10:55,USD,7.3108,7.3842,7.2998,7.4064
31-08-20_10:56,USD,7.3108,7.3842,7.2998,7.4064
31-08-20_10:56,USD,7.3108,7.3842,7.2998,7.4064
31-08-20_10:57,USD,7.3108,7.3842,7.2998,7.4064
31-08-20_10:57,USD,7.3108,7.3842,7.2998,7.4064
31-08-20_10:58,USD,7.3108,7.3842,7.2998,7.4064
31-08-20_10:59,USD,7.3108,7.3842,7.2998,7.4064
31-08-20_10:59,USD,7.3108,7.3842,7.2998,7.4064
31-08-20_11:00,USD,7.3108,7.3842,7.2998,7.4064
31-08-20_11:00,USD,7.3108,7.3842,7.2998,7.4064
31-08-20_11:01,USD,7.3108,7.3842,7.2998,7.4064
31-08-20_11:02,USD,7.3108,7.3842,7.2998,7.4064
31-08-20_11:02,USD,7.3108,7.3842,7.2998,7.4064
31-08-20_11:03,USD,7.3108,7.3842,7.2998,7.4064
31-08-20_11:03,USD,7.3108,7.3842,7.2998,7.4064
31-08-20_11:04,USD,7.3108,7.3842,7.2998,7.4064
31-08-20_11:04,USD,7.3108,7.3842,7.2998,7.4064
31-08-20_11:05,USD,7.3108,7.3842,7.2998,7.4064
31-08-20_11:06,USD,7.3108,7.3842,7.2998,7.4064
31-08-20_11:06,USD,7.3108,7.3842,7.2998,7.4064
31-08-20_11:07,USD,7.3108,7.3842,7.2998,7.4064
31-08-20_11:08,USD,7.3108,7.3842,7.2998,7.4064
31-08-20_11:08,USD,7.3108,7.3842,7.2998,7.4064
31-08-20_11:09,USD,7.3108,7.3842,7.2998,7.4064
31-08-20_11:09,USD,7.3108,7.3842,7.2998,7.4064
31-08-20_11:10,USD,7.3108,7.3842,7.2998,7.4064
31-08-20_11:11,USD,7.3108,7.3842,7.2998,7.4064
31-08-20_11:11,USD,7.3108,7.3842,7.2998,7.4064
31-08-20_11:12,USD,7.3108,7.3842,7.2998,7.4064
31-08-20_11:12,USD,7.3108,7.3842,7.2998,7.4064
31-08-20_11:13,USD,7.309,7.3825,7.298,7.4046
31-08-20_11:14,USD,7.309,7.3825,7.298,7.4046
31-08-20_11:14,USD,7.309,7.3825,7.298,7.4046
31-08-20_11:15,USD,7.309,7.3825,7.298,7.4046
31-08-20_11:15,USD,7.309,7.3825,7.298,7.4046
31-08-20_11:16,USD,7.309,7.3825,7.298,7.4046
31-08-20_11:17,USD,7.309,7.3825,7.298,7.4046
31-08-20_11:17,USD,7.309,7.3825,7.298,7.4046
31-08-20_11:18,USD,7.309,7.3825,7.298,7.4046
31-08-20_11:18,USD,7.309,7.3825,7.298,7.4046
31-08-20_11:19,USD,7.309,7.3825,7.298,7.4046
31-08-20_11:20,USD,7.309,7.3825,7.298,7.4046
31-08-20_11:20,USD,7.309,7.3825,7.298,7.4046
31-08-20_11:21,USD,7.309,7.3825,7.298,7.4046
31-08-20_11:21,USD,7.309,7.3825,7.298,7.4046
31-08-20_11:22,USD,7.309,7.3825,7.298,7.4046
31-08-20_11:23,USD,7.309,7.3825,7.298,7.4046
31-08-20_11:23,USD,7.3085,7.382,7.2975,7.4041
31-08-20_11:24,USD,7.3085,7.382,7.2975,7.4041
31-08-20_11:24,USD,7.3085,7.382,7.2975,7.4041
31-08-20_11:25,USD,7.3085,7.382,7.2975,7.4041
31-08-20_11:26,USD,7.3085,7.382,7.2975,7.4041
31-08-20_11:26,USD,7.3085,7.382,7.2975,7.4041
31-08-20_11:27,USD,7.3085,7.382,7.2975,7.4041
31-08-20_11:27,USD,7.3085,7.382,7.2975,7.4041
31-08-20_11:28,USD,7.3085,7.382,7.2975,7.4041
31-08-20_11:29,USD,7.3085,7.382,7.2975,7.4041
31-08-20_11:29,USD,7.3085,7.382,7.2975,7.4041
31-08-20_11:30,USD,7.3085,7.382,7.2975,7.4041
31-08-20_11:30,USD,7.3085,7.382,7.2975,7.4041
31-08-20_11:31,USD,7.3085,7.382,7.2975,7.4041
31-08-20_11:32,USD,7.3085,7.382,7.2975,7.4041
31-08-20_11:32,USD,7.3085,7.382,7.2975,7.4041
31-08-20_11:33,USD,7.3085,7.382,7.2975,7.4041
31-08-20_11:33,USD,7.308,7.3815,7.297,7.4036
31-08-20_11:34,USD,7.308,7.3815,7.297,7.4036
31-08-20_11:35,USD,7.308,7.3815,7.297,7.4036
31-08-20_11:35,USD,7.308,7.3815,7.297,7.4036
31-08-20_11:36,USD,7.308,7.3815,7.297,7.4036
31-08-20_11:36,USD,7.308,7.3815,7.297,7.4036
31-08-20_11:37,USD,7.308,7.3815,7.297,7.4036
31-08-20_11:38,USD,7.308,7.3815,7.297,7.4036
31-08-20_11:38,USD,7.308,7.3815,7.297,7.4036
31-08-20_11:39,USD,7.308,7.3815,7.297,7.4036
31-08-20_11:39,USD,7.308,7.3815,7.297,7.4036
31-08-20_11:40,USD,7.308,7.3815,7.297,7.4036
31-08-20_11:41,USD,7.308,7.3815,7.297,7.4036
31-08-20_11:41,USD,7.308,7.3815,7.297,7.4036
31-08-20_11:42,USD,7.308,7.3815,7.297,7.4036
31-08-20_11:42,USD,7.308,7.3815,7.297,7.4036
31-08-20_11:43,USD,7.308,7.3815,7.297,7.4036
31-08-20_11:44,USD,7.3018,7.3752,7.2908,7.3973
31-08-20_11:44,USD,7.3018,7.3752,7.2908,7.3973
31-08-20_11:45,USD,7.3018,7.3752,7.2908,7.3973
31-08-20_11:45,USD,7.3018,7.3752,7.2908,7.3973
31-08-20_11:46,USD,7.3018,7.3752,7.2908,7.3973
31-08-20_11:47,USD,7.3018,7.3752,7.2908,7.3973
31-08-20_11:47,USD,7.3018,7.3752,7.2908,7.3973
31-08-20_11:48,USD,7.3018,7.3752,7.2908,7.3973
31-08-20_11:48,USD,7.3018,7.3752,7.2908,7.3973
31-08-20_11:49,USD,7.3018,7.3752,7.2908,7.3973
31-08-20_11:50,USD,7.3018,7.3752,7.2908,7.3973
31-08-20_11:50,USD,7.3018,7.3752,7.2908,7.3973
31-08-20_11:51,USD,7.3018,7.3752,7.2908,7.3973
31-08-20_11:51,USD,7.3018,7.3752,7.2908,7.3973
31-08-20_11:52,USD,7.3018,7.3752,7.2908,7.3973
31-08-20_11:53,USD,7.3018,7.3752,7.2908,7.3973
31-08-20_11:53,USD,7.3018,7.3752,7.2908,7.3973
31-08-20_11:54,USD,7.2963,7.3697,7.2854,7.3918
31-08-20_11:54,USD,7.2963,7.3697,7.2854,7.3918
31-08-20_11:55,USD,7.2963,7.3697,7.2854,7.3918
31-08-20_11:56,USD,7.2963,7.3697,7.2854,7.3918
31-08-20_11:56,USD,7.2963,7.3697,7.2854,7.3918
31-08-20_11:57,USD,7.2963,7.3697,7.2854,7.3918
31-08-20_11:57,USD,7.2963,7.3697,7.2854,7.3918
31-08-20_11:58,USD,7.2963,7.3697,7.2854,7.3918
31-08-20_11:59,USD,7.2963,7.3697,7.2854,7.3918
31-08-20_11:59,USD,7.2963,7.3697,7.2854,7.3918
31-08-20_12:00,USD,7.2963,7.3697,7.2854,7.3918
31-08-20_12:00,USD,7.2963,7.3697,7.2854,7.3918
31-08-20_12:01,USD,7.2963,7.3697,7.2854,7.3918
31-08-20_12:02,USD,7.2963,7.3697,7.2854,7.3918
31-08-20_12:02,USD,7.2963,7.3697,7.2854,7.3918
31-08-20_12:03,USD,7.2963,7.3697,7.2854,7.3918
31-08-20_12:03,USD,7.2963,7.3697,7.2854,7.3918
31-08-20_12:04,USD,7.2996,7.3729,7.2887,7.395
31-08-20_12:05,USD,7.2996,7.3729,7.2887,7.395
31-08-20_12:05,USD,7.2996,7.3729,7.2887,7.395
31-08-20_12:06,USD,7.2996,7.3729,7.2887,7.395
31-08-20_12:06,USD,7.2996,7.3729,7.2887,7.395
31-08-20_12:07,USD,7.2996,7.3729,7.2887,7.395
31-08-20_12:08,USD,7.2996,7.3729,7.2887,7.395
31-08-20_12:08,USD,7.2996,7.3729,7.2887,7.395
31-08-20_12:09,USD,7.2996,7.3729,7.2887,7.395
31-08-20_12:09,USD,7.2996,7.3729,7.2887,7.395
31-08-20_12:10,USD,7.2996,7.3729,7.2887,7.395
31-08-20_12:11,USD,7.2996,7.3729,7.2887,7.395
31-08-20_12:11,USD,7.2996,7.3729,7.2887,7.395
31-08-20_12:12,USD,7.2996,7.3729,7.2887,7.395
31-08-20_12:12,USD,7.2996,7.3729,7.2887,7.395
31-08-20_12:13,USD,7.2996,7.3729,7.2887,7.395
31-08-20_12:14,USD,7.2996,7.3729,7.2887,7.395
31-08-20_12:14,USD,7.3045,7.378,7.2935,7.4001
31-08-20_12:15,USD,7.3045,7.378,7.2935,7.4001
31-08-20_12:15,USD,7.3045,7.378,7.2935,7.4001
31-08-20_12:16,USD,7.3045,7.378,7.2935,7.4001
31-08-20_12:17,USD,7.3045,7.378,7.2935,7.4001
31-08-20_12:17,USD,7.3045,7.378,7.2935,7.4001
31-08-20_12:18,USD,7.3045,7.378,7.2935,7.4001
31-08-20_12:18,USD,7.3045,7.378,7.2935,7.4001
31-08-20_12:19,USD,7.3045,7.378,7.2935,7.4001
31-08-20_12:20,USD,7.3045,7.378,7.2935,7.4001
31-08-20_12:20,USD,7.3045,7.378,7.2935,7.4001
31-08-20_12:21,USD,7.3045,7.378,7.2935,7.4001
31-08-20_12:21,USD,7.3045,7.378,7.2935,7.4001
31-08-20_12:22,USD,7.3045,7.378,7.2935,7.4001
31-08-20_12:23,USD,7.3045,7.378,7.2935,7.4001
31-08-20_12:23,USD,7.3045,7.378,7.2935,7.4001
31-08-20_12:24,USD,7.3045,7.378,7.2935,7.4001
31-08-20_12:24,USD,7.306,7.3795,7.295,7.4016
31-08-20_12:25,USD,7.306,7.3795,7.295,7.4016
31-08-20_12:26,USD,7.306,7.3795,7.295,7.4016
31-08-20_12:26,USD,7.306,7.3795,7.295,7.4016
31-08-20_12:27,USD,7.306,7.3795,7.295,7.4016
31-08-20_12:27,USD,7.306,7.3795,7.295,7.4016
31-08-20_12:28,USD,7.306,7.3795,7.295,7.4016
31-08-20_12:29,USD,7.306,7.3795,7.295,7.4016
31-08-20_12:29,USD,7.306,7.3795,7.295,7.4016
31-08-20_12:30,USD,7.306,7.3795,7.295,7.4016
31-08-20_12:30,USD,7.306,7.3795,7.295,7.4016
31-08-20_12:31,USD,7.306,7.3795,7.295,7.4016
31-08-20_12:32,USD,7.306,7.3795,7.295,7.4016
31-08-20_12:32,USD,7.306,7.3795,7.295,7.4016
31-08-20_12:33,USD,7.306,7.3795,7.295,7.4016
31-08-20_12:33,USD,7.306,7.3795,7.295,7.4016
31-08-20_12:34,USD,7.306,7.3795,7.295,7.4016
31-08-20_12:35,USD,7.3083,7.3817,7.2973,7.4038
31-08-20_12:35,USD,7.3083,7.3817,7.2973,7.4038
31-08-20_12:36,USD,7.3083,7.3817,7.2973,7.4038
31-08-20_12:36,USD,7.3083,7.3817,7.2973,7.4038
31-08-20_12:37,USD,7.3083,7.3817,7.2973,7.4038
31-08-20_12:38,USD,7.3083,7.3817,7.2973,7.4038
31-08-20_12:38,USD,7.3083,7.3817,7.2973,7.4038
31-08-20_12:39,USD,7.3083,7.3817,7.2973,7.4038
31-08-20_12:39,USD,7.3083,7.3817,7.2973,7.4038
31-08-20_12:40,USD,7.3083,7.3817,7.2973,7.4038
31-08-20_12:41,USD,7.3083,7.3817,7.2973,7.4038
31-08-20_12:41,USD,7.3083,7.3817,7.2973,7.4038
31-08-20_12:42,USD,7.3083,7.3817,7.2973,7.4038
31-08-20_12:42,USD,7.3083,7.3817,7.2973,7.4038
31-08-20_12:43,USD,7.3083,7.3817,7.2973,7.4038
31-08-20_12:44,USD,7.3083,7.3817,7.2973,7.4038
31-08-20_12:44,USD,7.3083,7.3817,7.2973,7.4038
31-08-20_12:45,USD,7.3103,7.3837,7.2993,7.4059
31-08-20_12:45,USD,7.3103,7.3837,7.2993,7.4059
31-08-20_12:46,USD,7.3103,7.3837,7.2993,7.4059
31-08-20_12:47,USD,7.3103,7.3837,7.2993,7.4059
31-08-20_12:47,USD,7.3103,7.3837,7.2993,7.4059
31-08-20_12:48,USD,7.3103,7.3837,7.2993,7.4059
31-08-20_12:48,USD,7.3103,7.3837,7.2993,7.4059
31-08-20_12:49,USD,7.3103,7.3837,7.2993,7.4059
31-08-20_12:50,USD,7.3103,7.3837,7.2993,7.4059
31-08-20_12:50,USD,7.3103,7.3837,7.2993,7.4059
31-08-20_12:51,USD,7.3103,7.3837,7.2993,7.4059
31-08-20_12:51,USD,7.3103,7.3837,7.2993,7.4059
31-08-20_12:52,USD,7.3103,7.3837,7.2993,7.4059
31-08-20_12:53,USD,7.3103,7.3837,7.2993,7.4059
31-08-20_12:53,USD,7.3103,7.3837,7.2993,7.4059
31-08-20_12:54,USD,7.3103,7.3837,7.2993,7.4059
31-08-20_12:54,USD,7.3103,7.3837,7.2993,7.4059
31-08-20_12:55,USD,7.3145,7.388,7.3035,7.4102
31-08-20_12:56,USD,7.3145,7.388,7.3035,7.4102
31-08-20_12:56,USD,7.3145,7.388,7.3035,7.4102
31-08-20_12:57,USD,7.3145,7.388,7.3035,7.4102
31-08-20_12:57,USD,7.3145,7.388,7.3035,7.4102
31-08-20_12:58,USD,7.3145,7.388,7.3035,7.4102
31-08-20_12:59,USD,7.3145,7.388,7.3035,7.4102
31-08-20_12:59,USD,7.3145,7.388,7.3035,7.4102
31-08-20_13:00,USD,7.3145,7.388,7.3035,7.4102
31-08-20_13:00,USD,7.3145,7.388,7.3035,7.4102
31-08-20_13:01,USD,7.3145,7.388,7.3035,7.4102
31-08-20_13:02,USD,7.3145,7.388,7.3035,7.4102
31-08-20_13:02,USD,7.3145,7.388,7.3035,7.4102
31-08-20_13:03,USD,7.3145,7.388,7.3035,7.4102
31-08-20_13:03,USD,7.3145,7.388,7.3035,7.4102
31-08-20_13:04,USD,7.3145,7.388,7.3035,7.4102
31-08-20_13:05,USD,7.3145,7.388,7.3035,7.4102
31-08-20_13:05,USD,7.3172,7.3908,7.3062,7.413
31-08-20_13:06,USD,7.3172,7.3908,7.3062,7.413
31-08-20_13:06,USD,7.3172,7.3908,7.3062,7.413
31-08-20_13:07,USD,7.3172,7.3908,7.3062,7.413
31-08-20_13:08,USD,7.3172,7.3908,7.3062,7.413
31-08-20_13:08,USD,7.3172,7.3908,7.3062,7.413
31-08-20_13:09,USD,7.3172,7.3908,7.3062,7.413
31-08-20_13:09,USD,7.3172,7.3908,7.3062,7.413
31-08-20_13:10,USD,7.3172,7.3908,7.3062,7.413
31-08-20_13:10,USD,7.3172,7.3908,7.3062,7.413
31-08-20_13:11,USD,7.3172,7.3908,7.3062,7.413
31-08-20_13:12,USD,7.3172,7.3908,7.3062,7.413
31-08-20_13:12,USD,7.3172,7.3908,7.3062,7.413
31-08-20_13:13,USD,7.3172,7.3908,7.3062,7.413
31-08-20_13:13,USD,7.3172,7.3908,7.3062,7.413
31-08-20_13:14,USD,7.3172,7.3908,7.3062,7.413
31-08-20_13:15,USD,7.3172,7.3908,7.3062,7.413
31-08-20_13:15,USD,7.321,7.3945,7.31,7.4167
31-08-20_13:16,USD,7.321,7.3945,7.31,7.4167
31-08-20_13:17,USD,7.321,7.3945,7.31,7.4167
31-08-20_13:17,USD,7.321,7.3945,7.31,7.4167
31-08-20_13:18,USD,7.321,7.3945,7.31,7.4167
31-08-20_13:18,USD,7.321,7.3945,7.31,7.4167
31-08-20_13:19,USD,7.321,7.3945,7.31,7.4167
31-08-20_13:20,USD,7.321,7.3945,7.31,7.4167
31-08-20_13:20,USD,7.321,7.3945,7.31,7.4167
31-08-20_13:21,USD,7.321,7.3945,7.31,7.4167
31-08-20_13:21,USD,7.321,7.3945,7.31,7.4167
31-08-20_13:22,USD,7.321,7.3945,7.31,7.4167
31-08-20_13:22,USD,7.321,7.3945,7.31,7.4167
31-08-20_13:23,USD,7.321,7.3945,7.31,7.4167
31-08-20_13:24,USD,7.321,7.3945,7.31,7.4167
31-08-20_13:24,USD,7.321,7.3945,7.31,7.4167
31-08-20_13:25,USD,7.321,7.3945,7.31,7.4167
31-08-20_13:26,USD,7.3212,7.3948,7.3102,7.417
31-08-20_13:26,USD,7.3212,7.3948,7.3102,7.417
31-08-20_13:27,USD,7.3212,7.3948,7.3102,7.417
31-08-20_13:27,USD,7.3212,7.3948,7.3102,7.417
31-08-20_13:28,USD,7.3212,7.3948,7.3102,7.417
31-08-20_13:29,USD,7.3212,7.3948,7.3102,7.417
31-08-20_13:29,USD,7.3212,7.3948,7.3102,7.417
31-08-20_13:30,USD,7.3212,7.3948,7.3102,7.417
31-08-20_13:30,USD,7.3212,7.3948,7.3102,7.417
31-08-20_13:31,USD,7.3212,7.3948,7.3102,7.417
31-08-20_13:32,USD,7.3212,7.3948,7.3102,7.417
31-08-20_13:32,USD,7.3212,7.3948,7.3102,7.417
31-08-20_13:33,USD,7.3212,7.3948,7.3102,7.417
31-08-20_13:33,USD,7.3212,7.3948,7.3102,7.417
31-08-20_13:34,USD,7.3212,7.3948,7.3102,7.417
31-08-20_13:35,USD,7.3212,7.3948,7.3102,7.417
31-08-20_13:35,USD,7.3212,7.3948,7.3102,7.417
31-08-20_13:36,USD,7.3207,7.3943,7.3097,7.4165
31-08-20_13:36,USD,7.3207,7.3943,7.3097,7.4165
31-08-20_13:37,USD,7.3207,7.3943,7.3097,7.4165
31-08-20_13:37,USD,7.3207,7.3943,7.3097,7.4165
31-08-20_13:38,USD,7.3207,7.3943,7.3097,7.4165
31-08-20_13:39,USD,7.3207,7.3943,7.3097,7.4165
31-08-20_13:39,USD,7.3207,7.3943,7.3097,7.4165
31-08-20_13:40,USD,7.3207,7.3943,7.3097,7.4165
31-08-20_13:40,USD,7.3207,7.3943,7.3097,7.4165
31-08-20_13:41,USD,7.3207,7.3943,7.3097,7.4165
31-08-20_13:42,USD,7.3207,7.3943,7.3097,7.4165
31-08-20_13:42,USD,7.3207,7.3943,7.3097,7.4165
31-08-20_13:43,USD,7.3207,7.3943,7.3097,7.4165
31-08-20_13:43,USD,7.3207,7.3943,7.3097,7.4165
31-08-20_13:44,USD,7.3207,7.3943,7.3097,7.4165
31-08-20_13:45,USD,7.3207,7.3943,7.3097,7.4165
31-08-20_13:45,USD,7.3207,7.3943,7.3097,7.4165
31-08-20_13:46,USD,7.3177,7.3913,7.3067,7.4135
31-08-20_13:46,USD,7.3177,7.3913,7.3067,7.4135
31-08-20_13:47,USD,7.3177,7.3913,7.3067,7.4135
31-08-20_13:48,USD,7.3177,7.3913,7.3067,7.4135
31-08-20_13:48,USD,7.3177,7.3913,7.3067,7.4135
31-08-20_13:49,USD,7.3177,7.3913,7.3067,7.4135
31-08-20_13:49,USD,7.3177,7.3913,7.3067,7.4135
31-08-20_13:50,USD,7.3177,7.3913,7.3067,7.4135
31-08-20_13:51,USD,7.3177,7.3913,7.3067,7.4135
31-08-20_13:51,USD,7.3177,7.3913,7.3067,7.4135
31-08-20_13:52,USD,7.3177,7.3913,7.3067,7.4135
31-08-20_13:53,USD,7.3177,7.3913,7.3067,7.4135
31-08-20_13:53,USD,7.3177,7.3913,7.3067,7.4135
31-08-20_13:54,USD,7.3177,7.3913,7.3067,7.4135
31-08-20_13:54,USD,7.3177,7.3913,7.3067,7.4135
31-08-20_13:55,USD,7.3177,7.3913,7.3067,7.4135
31-08-20_13:56,USD,7.3177,7.3913,7.3067,7.4135
31-08-20_13:56,USD,7.3195,7.393,7.3085,7.4152
31-08-20_13:57,USD,7.3195,7.393,7.3085,7.4152
31-08-20_13:57,USD,7.3195,7.393,7.3085,7.4152
31-08-20_13:58,USD,7.3195,7.393,7.3085,7.4152
31-08-20_13:59,USD,7.3195,7.393,7.3085,7.4152
31-08-20_13:59,USD,7.3195,7.393,7.3085,7.4152
31-08-20_14:00,USD,7.3195,7.393,7.3085,7.4152
31-08-20_14:01,USD,7.3195,7.393,7.3085,7.4152
31-08-20_14:01,USD,7.3195,7.393,7.3085,7.4152
31-08-20_14:02,USD,7.3195,7.393,7.3085,7.4152
31-08-20_14:02,USD,7.3195,7.393,7.3085,7.4152
31-08-20_14:03,USD,7.3195,7.393,7.3085,7.4152
31-08-20_14:04,USD,7.3195,7.393,7.3085,7.4152
31-08-20_14:04,USD,7.3195,7.393,7.3085,7.4152
31-08-20_14:05,USD,7.3195,7.393,7.3085,7.4152
31-08-20_14:05,USD,7.3195,7.393,7.3085,7.4152
31-08-20_14:06,USD,7.3195,7.393,7.3085,7.4152
31-08-20_14:07,USD,7.3157,7.3893,7.3047,7.4115
31-08-20_14:07,USD,7.3157,7.3893,7.3047,7.4115
31-08-20_14:08,USD,7.3157,7.3893,7.3047,7.4115
31-08-20_14:08,USD,7.3157,7.3893,7.3047,7.4115
31-08-20_14:09,USD,7.3157,7.3893,7.3047,7.4115
31-08-20_14:10,USD,7.3157,7.3893,7.3047,7.4115
31-08-20_14:10,USD,7.3157,7.3893,7.3047,7.4115
31-08-20_14:11,USD,7.3157,7.3893,7.3047,7.4115
31-08-20_14:11,USD,7.3157,7.3893,7.3047,7.4115
31-08-20_14:12,USD,7.3157,7.3893,7.3047,7.4115
31-08-20_14:12,USD,7.3157,7.3893,7.3047,7.4115
31-08-20_14:13,USD,7.3157,7.3893,7.3047,7.4115
31-08-20_14:14,USD,7.3157,7.3893,7.3047,7.4115
31-08-20_14:14,USD,7.3157,7.3893,7.3047,7.4115
31-08-20_14:15,USD,7.3157,7.3893,7.3047,7.4115
31-08-20_14:16,USD,7.3157,7.3893,7.3047,7.4115
31-08-20_14:16,USD,7.3157,7.3893,7.3047,7.4115
31-08-20_14:17,USD,7.3152,7.3888,7.3042,7.411
31-08-20_14:17,USD,7.3152,7.3888,7.3042,7.411
31-08-20_14:18,USD,7.3152,7.3888,7.3042,7.411
31-08-20_14:19,USD,7.3152,7.3888,7.3042,7.411
31-08-20_14:19,USD,7.3152,7.3888,7.3042,7.411
31-08-20_14:20,USD,7.3152,7.3888,7.3042,7.411
31-08-20_14:20,USD,7.3152,7.3888,7.3042,7.411
31-08-20_14:21,USD,7.3152,7.3888,7.3042,7.411
31-08-20_14:22,USD,7.3152,7.3888,7.3042,7.411
31-08-20_14:22,USD,7.3152,7.3888,7.3042,7.411
31-08-20_14:23,USD,7.3152,7.3888,7.3042,7.411
31-08-20_14:23,USD,7.3152,7.3888,7.3042,7.411
31-08-20_14:24,USD,7.3152,7.3888,7.3042,7.411
31-08-20_14:25,USD,7.3152,7.3888,7.3042,7.411
31-08-20_14:25,USD,7.3152,7.3888,7.3042,7.411
31-08-20_14:26,USD,7.3152,7.3888,7.3042,7.411
31-08-20_14:26,USD,7.3152,7.3888,7.3042,7.411
31-08-20_14:27,USD,7.315,7.3885,7.304,7.4107
31-08-20_14:28,USD,7.315,7.3885,7.304,7.4107
31-08-20_14:28,USD,7.315,7.3885,7.304,7.4107
31-08-20_14:29,USD,7.315,7.3885,7.304,7.4107
31-08-20_14:29,USD,7.315,7.3885,7.304,7.4107
31-08-20_14:30,USD,7.315,7.3885,7.304,7.4107
31-08-20_14:31,USD,7.315,7.3885,7.304,7.4107
31-08-20_14:31,USD,7.315,7.3885,7.304,7.4107
31-08-20_14:32,USD,7.315,7.3885,7.304,7.4107
31-08-20_14:32,USD,7.315,7.3885,7.304,7.4107
31-08-20_14:33,USD,7.315,7.3885,7.304,7.4107
31-08-20_14:34,USD,7.315,7.3885,7.304,7.4107
31-08-20_14:34,USD,7.315,7.3885,7.304,7.4107
31-08-20_14:35,USD,7.315,7.3885,7.304,7.4107
31-08-20_14:35,USD,7.315,7.3885,7.304,7.4107
31-08-20_14:36,USD,7.315,7.3885,7.304,7.4107
31-08-20_14:37,USD,7.315,7.3885,7.304,7.4107
31-08-20_14:37,USD,7.3145,7.388,7.3035,7.4102
31-08-20_14:38,USD,7.3145,7.388,7.3035,7.4102
31-08-20_14:38,USD,7.3145,7.388,7.3035,7.4102
31-08-20_14:39,USD,7.3145,7.388,7.3035,7.4102
31-08-20_14:40,USD,7.3145,7.388,7.3035,7.4102
31-08-20_14:40,USD,7.3145,7.388,7.3035,7.4102
31-08-20_14:41,USD,7.3145,7.388,7.3035,7.4102
31-08-20_14:41,USD,7.3145,7.388,7.3035,7.4102
31-08-20_14:42,USD,7.3145,7.388,7.3035,7.4102
31-08-20_14:43,USD,7.3145,7.388,7.3035,7.4102
31-08-20_14:43,USD,7.3145,7.388,7.3035,7.4102
31-08-20_14:44,USD,7.3145,7.388,7.3035,7.4102
31-08-20_14:44,USD,7.3145,7.388,7.3035,7.4102
31-08-20_14:45,USD,7.3145,7.388,7.3035,7.4102
31-08-20_14:46,USD,7.3145,7.388,7.3035,7.4102
31-08-20_14:46,USD,7.3145,7.388,7.3035,7.4102
31-08-20_14:47,USD,7.3145,7.388,7.3035,7.4102
31-08-20_14:47,USD,7.3133,7.3868,7.3023,7.409
31-08-20_14:48,USD,7.3133,7.3868,7.3023,7.409
31-08-20_14:49,USD,7.3133,7.3868,7.3023,7.409
31-08-20_14:49,USD,7.3133,7.3868,7.3023,7.409
31-08-20_14:50,USD,7.3133,7.3868,7.3023,7.409
31-08-20_14:50,USD,7.3133,7.3868,7.3023,7.409
31-08-20_14:51,USD,7.3133,7.3868,7.3023,7.409
31-08-20_14:52,USD,7.3133,7.3868,7.3023,7.409
31-08-20_14:52,USD,7.3133,7.3868,7.3023,7.409
31-08-20_14:53,USD,7.3133,7.3868,7.3023,7.409
31-08-20_14:53,USD,7.3133,7.3868,7.3023,7.409
31-08-20_14:54,USD,7.3133,7.3868,7.3023,7.409
31-08-20_14:55,USD,7.3133,7.3868,7.3023,7.409
31-08-20_14:55,USD,7.3133,7.3868,7.3023,7.409
31-08-20_14:56,USD,7.3133,7.3868,7.3023,7.409
31-08-20_14:56,USD,7.3133,7.3868,7.3023,7.409
31-08-20_14:57,USD,7.3133,7.3868,7.3023,7.409
31-08-20_14:58,USD,7.3152,7.3888,7.3042,7.411
31-08-20_14:58,USD,7.3152,7.3888,7.3042,7.411
31-08-20_14:59,USD,7.3152,7.3888,7.3042,7.411
31-08-20_14:59,USD,7.3152,7.3888,7.3042,7.411
31-08-20_15:00,USD,7.3152,7.3888,7.3042,7.411
31-08-20_15:01,USD,7.3152,7.3888,7.3042,7.411
31-08-20_15:01,USD,7.3152,7.3888,7.3042,7.411
31-08-20_15:02,USD,7.3152,7.3888,7.3042,7.411
31-08-20_15:02,USD,7.3152,7.3888,7.3042,7.411
31-08-20_15:03,USD,7.3152,7.3888,7.3042,7.411
31-08-20_15:04,USD,7.3152,7.3888,7.3042,7.411
31-08-20_15:04,USD,7.3152,7.3888,7.3042,7.411
31-08-20_15:05,USD,7.3152,7.3888,7.3042,7.411
31-08-20_15:05,USD,7.3152,7.3888,7.3042,7.411
31-08-20_15:06,USD,7.3152,7.3888,7.3042,7.411
31-08-20_15:07,USD,7.3152,7.3888,7.3042,7.411
31-08-20_15:07,USD,7.3152,7.3888,7.3042,7.411
31-08-20_15:08,USD,7.3105,7.384,7.2995,7.4062
31-08-20_15:08,USD,7.3105,7.384,7.2995,7.4062
31-08-20_15:09,USD,7.3105,7.384,7.2995,7.4062
31-08-20_15:10,USD,7.3105,7.384,7.2995,7.4062
31-08-20_15:10,USD,7.3105,7.384,7.2995,7.4062
31-08-20_15:11,USD,7.3105,7.384,7.2995,7.4062
31-08-20_15:11,USD,7.3105,7.384,7.2995,7.4062
31-08-20_15:12,USD,7.3105,7.384,7.2995,7.4062
31-08-20_15:13,USD,7.3105,7.384,7.2995,7.4062
31-08-20_15:13,USD,7.3105,7.384,7.2995,7.4062
31-08-20_15:14,USD,7.3105,7.384,7.2995,7.4062
31-08-20_15:14,USD,7.3105,7.384,7.2995,7.4062
31-08-20_15:15,USD,7.3105,7.384,7.2995,7.4062
31-08-20_15:16,USD,7.3105,7.384,7.2995,7.4062
31-08-20_15:16,USD,7.3105,7.384,7.2995,7.4062
31-08-20_15:17,USD,7.3105,7.384,7.2995,7.4062
31-08-20_15:17,USD,7.3105,7.384,7.2995,7.4062
31-08-20_15:18,USD,7.314,7.3875,7.303,7.4097
31-08-20_15:19,USD,7.314,7.3875,7.303,7.4097
31-08-20_15:19,USD,7.314,7.3875,7.303,7.4097
31-08-20_15:20,USD,7.314,7.3875,7.303,7.4097
31-08-20_15:20,USD,7.314,7.3875,7.303,7.4097
31-08-20_15:21,USD,7.314,7.3875,7.303,7.4097
31-08-20_15:22,USD,7.314,7.3875,7.303,7.4097
31-08-20_15:22,USD,7.314,7.3875,7.303,7.4097
31-08-20_15:23,USD,7.314,7.3875,7.303,7.4097
31-08-20_15:23,USD,7.314,7.3875,7.303,7.4097
31-08-20_15:24,USD,7.314,7.3875,7.303,7.4097
31-08-20_15:25,USD,7.314,7.3875,7.303,7.4097
31-08-20_15:25,USD,7.314,7.3875,7.303,7.4097
31-08-20_15:26,USD,7.314,7.3875,7.303,7.4097
31-08-20_15:26,USD,7.314,7.3875,7.303,7.4097
31-08-20_15:27,USD,7.314,7.3875,7.303,7.4097
31-08-20_15:28,USD,7.314,7.3875,7.303,7.4097
31-08-20_15:28,USD,7.3145,7.388,7.3035,7.4102
31-08-20_15:29,USD,7.3145,7.388,7.3035,7.4102
31-08-20_15:29,USD,7.3145,7.388,7.3035,7.4102
31-08-20_15:30,USD,7.3145,7.388,7.3035,7.4102
31-08-20_15:31,USD,7.3145,7.388,7.3035,7.4102
31-08-20_15:31,USD,7.3145,7.388,7.3035,7.4102
31-08-20_15:32,USD,7.3145,7.388,7.3035,7.4102
31-08-20_15:32,USD,7.3145,7.388,7.3035,7.4102
31-08-20_15:33,USD,7.3145,7.388,7.3035,7.4102
31-08-20_15:34,USD,7.3145,7.388,7.3035,7.4102
31-08-20_15:34,USD,7.3145,7.388,7.3035,7.4102
31-08-20_15:35,USD,7.3145,7.388,7.3035,7.4102
31-08-20_15:35,USD,7.3145,7.388,7.3035,7.4102
31-08-20_15:36,USD,7.3145,7.388,7.3035,7.4102
31-08-20_15:37,USD,7.3145,7.388,7.3035,7.4102
31-08-20_15:37,USD,7.3145,7.388,7.3035,7.4102
31-08-20_15:38,USD,7.3145,7.388,7.3035,7.4102
31-08-20_15:38,USD,7.3142,7.3878,7.3032,7.41
31-08-20_15:39,USD,7.3142,7.3878,7.3032,7.41
31-08-20_15:40,USD,7.3142,7.3878,7.3032,7.41
31-08-20_15:40,USD,7.3142,7.3878,7.3032,7.41
31-08-20_15:41,USD,7.3142,7.3878,7.3032,7.41
31-08-20_15:42,USD,7.3142,7.3878,7.3032,7.41
31-08-20_15:42,USD,7.3142,7.3878,7.3032,7.41
31-08-20_15:43,USD,7.3142,7.3878,7.3032,7.41
31-08-20_15:43,USD,7.3142,7.3878,7.3032,7.41
31-08-20_15:44,USD,7.3142,7.3878,7.3032,7.41
31-08-20_15:44,USD,7.3142,7.3878,7.3032,7.41
31-08-20_15:45,USD,7.3142,7.3878,7.3032,7.41
31-08-20_15:46,USD,7.3142,7.3878,7.3032,7.41
31-08-20_15:46,USD,7.3142,7.3878,7.3032,7.41
31-08-20_15:47,USD,7.3142,7.3878,7.3032,7.41
31-08-20_15:48,USD,7.3142,7.3878,7.3032,7.41
31-08-20_15:48,USD,7.3142,7.3878,7.3032,7.41
31-08-20_15:49,USD,7.3142,7.3878,7.3032,7.41
31-08-20_15:49,USD,7.3142,7.3878,7.3032,7.41
31-08-20_15:50,USD,7.3142,7.3878,7.3032,7.41
31-08-20_15:51,USD,7.3142,7.3878,7.3032,7.41
31-08-20_15:51,USD,7.3142,7.3878,7.3032,7.41
31-08-20_15:52,USD,7.3142,7.3878,7.3032,7.41
31-08-20_15:52,USD,7.3142,7.3878,7.3032,7.41
31-08-20_15:53,USD,7.3142,7.3878,7.3032,7.41
31-08-20_15:54,USD,7.3142,7.3878,7.3032,7.41
31-08-20_15:54,USD,7.3142,7.3878,7.3032,7.41
31-08-20_15:55,USD,7.3142,7.3878,7.3032,7.41
31-08-20_15:55,USD,7.3142,7.3878,7.3032,7.41
31-08-20_15:56,USD,7.3142,7.3878,7.3032,7.41
31-08-20_15:57,USD,7.3142,7.3878,7.3032,7.41
31-08-20_15:57,USD,7.3142,7.3878,7.3032,7.41
31-08-20_15:58,USD,7.3142,7.3878,7.3032,7.41
31-08-20_15:58,USD,7.3142,7.3878,7.3032,7.41
31-08-20_15:59,USD,7.3142,7.3878,7.3032,7.41
31-08-20_16:00,USD,7.3142,7.3878,7.3032,7.41
31-08-20_16:00,USD,7.3142,7.3878,7.3032,7.41
31-08-20_16:01,USD,7.3142,7.3878,7.3032,7.41
31-08-20_16:01,USD,7.3142,7.3878,7.3032,7.41
31-08-20_16:02,USD,7.3142,7.3878,7.3032,7.41
31-08-20_16:02,USD,7.3142,7.3878,7.3032,7.41
31-08-20_16:03,USD,7.3142,7.3878,7.3032,7.41
31-08-20_16:04,USD,7.3142,7.3878,7.3032,7.41
31-08-20_16:04,USD,7.3142,7.3878,7.3032,7.41
31-08-20_16:05,USD,7.3142,7.3878,7.3032,7.41
31-08-20_16:06,USD,7.3142,7.3878,7.3032,7.41
31-08-20_16:06,USD,7.3142,7.3878,7.3032,7.41
31-08-20_16:07,USD,7.3142,7.3878,7.3032,7.41
31-08-20_16:07,USD,7.3142,7.3878,7.3032,7.41
31-08-20_16:08,USD,7.3142,7.3878,7.3032,7.41
31-08-20_16:09,USD,7.3142,7.3878,7.3032,7.41
31-08-20_16:09,USD,7.3142,7.3878,7.3032,7.41
31-08-20_16:10,USD,7.3142,7.3878,7.3032,7.41
31-08-20_16:10,USD,7.3142,7.3878,7.3032,7.41
31-08-20_16:11,USD,7.3142,7.3878,7.3032,7.41
31-08-20_16:12,USD,7.3142,7.3878,7.3032,7.41
31-08-20_16:12,USD,7.3142,7.3878,7.3032,7.41
31-08-20_16:13,USD,7.3142,7.3878,7.3032,7.41
31-08-20_16:13,USD,7.3142,7.3878,7.3032,7.41
31-08-20_16:14,USD,7.3142,7.3878,7.3032,7.41
31-08-20_16:15,USD,7.3142,7.3878,7.3032,7.41
31-08-20_16:15,USD,7.3142,7.3878,7.3032,7.41
31-08-20_16:16,USD,7.3142,7.3878,7.3032,7.41
31-08-20_16:16,USD,7.3142,7.3878,7.3032,7.41
31-08-20_16:17,USD,7.3142,7.3878,7.3032,7.41
31-08-20_16:18,USD,7.3142,7.3878,7.3032,7.41
31-08-20_16:18,USD,7.3142,7.3878,7.3032,7.41
31-08-20_16:19,USD,7.3142,7.3878,7.3032,7.41
31-08-20_16:19,USD,7.3142,7.3878,7.3032,7.41
31-08-20_16:20,USD,7.3142,7.3878,7.3032,7.41
31-08-20_16:21,USD,7.3142,7.3878,7.3032,7.41
31-08-20_16:21,USD,7.3142,7.3878,7.3032,7.41
31-08-20_16:22,USD,7.3142,7.3878,7.3032,7.41
31-08-20_16:22,USD,7.3142,7.3878,7.3032,7.41
31-08-20_16:23,USD,7.3142,7.3878,7.3032,7.41
31-08-20_16:24,USD,7.3142,7.3878,7.3032,7.41
31-08-20_16:24,USD,7.3142,7.3878,7.3032,7.41
31-08-20_16:25,USD,7.3142,7.3878,7.3032,7.41
31-08-20_16:25,USD,7.3142,7.3878,7.3032,7.41
31-08-20_16:26,USD,7.3142,7.3878,7.3032,7.41
31-08-20_16:26,USD,7.3142,7.3878,7.3032,7.41
31-08-20_16:27,USD,7.3142,7.3878,7.3032,7.41
31-08-20_16:28,USD,7.3142,7.3878,7.3032,7.41
31-08-20_16:28,USD,7.3142,7.3878,7.3032,7.41
31-08-20_16:29,USD,7.3142,7.3878,7.3032,7.41
31-08-20_16:29,USD,7.3055,7.379,7.2945,7.4011
31-08-20_16:30,USD,7.3055,7.379,7.2945,7.4011
31-08-20_16:31,USD,7.3055,7.379,7.2945,7.4011
31-08-20_16:31,USD,7.3055,7.379,7.2945,7.4011
31-08-20_16:32,USD,7.3055,7.379,7.2945,7.4011
31-08-20_16:32,USD,7.3055,7.379,7.2945,7.4011
31-08-20_16:33,USD,7.3055,7.379,7.2945,7.4011
31-08-20_16:34,USD,7.3055,7.379,7.2945,7.4011
31-08-20_16:34,USD,7.3055,7.379,7.2945,7.4011
31-08-20_16:35,USD,7.3055,7.379,7.2945,7.4011
31-08-20_16:35,USD,7.3055,7.379,7.2945,7.4011
31-08-20_16:36,USD,7.3055,7.379,7.2945,7.4011
31-08-20_16:37,USD,7.3055,7.379,7.2945,7.4011
31-08-20_16:37,USD,7.3055,7.379,7.2945,7.4011
31-08-20_16:38,USD,7.3055,7.379,7.2945,7.4011
31-08-20_16:38,USD,7.3055,7.379,7.2945,7.4011
31-08-20_16:39,USD,7.3055,7.379,7.2945,7.4011
31-08-20_16:40,USD,7.3053,7.3787,7.2943,7.4008
31-08-20_16:40,USD,7.3053,7.3787,7.2943,7.4008
31-08-20_16:41,USD,7.3053,7.3787,7.2943,7.4008
31-08-20_16:41,USD,7.3053,7.3787,7.2943,7.4008
31-08-20_16:42,USD,7.3053,7.3787,7.2943,7.4008
31-08-20_16:43,USD,7.3053,7.3787,7.2943,7.4008
31-08-20_16:43,USD,7.3053,7.3787,7.2943,7.4008
31-08-20_16:44,USD,7.3053,7.3787,7.2943,7.4008
31-08-20_16:44,USD,7.3053,7.3787,7.2943,7.4008
31-08-20_16:45,USD,7.3053,7.3787,7.2943,7.4008
31-08-20_16:46,USD,7.3053,7.3787,7.2943,7.4008
31-08-20_16:46,USD,7.3053,7.3787,7.2943,7.4008
31-08-20_16:47,USD,7.3053,7.3787,7.2943,7.4008
31-08-20_16:47,USD,7.3053,7.3787,7.2943,7.4008
31-08-20_16:48,USD,7.3053,7.3787,7.2943,7.4008
31-08-20_16:49,USD,7.3053,7.3787,7.2943,7.4008
31-08-20_16:49,USD,7.3053,7.3787,7.2943,7.4008
31-08-20_16:50,USD,7.308,7.3815,7.297,7.4036
31-08-20_16:50,USD,7.308,7.3815,7.297,7.4036
31-08-20_16:51,USD,7.308,7.3815,7.297,7.4036
31-08-20_16:52,USD,7.308,7.3815,7.297,7.4036
31-08-20_16:52,USD,7.308,7.3815,7.297,7.4036
31-08-20_16:53,USD,7.308,7.3815,7.297,7.4036
31-08-20_16:53,USD,7.308,7.3815,7.297,7.4036
31-08-20_16:54,USD,7.308,7.3815,7.297,7.4036
31-08-20_16:55,USD,7.308,7.3815,7.297,7.4036
31-08-20_16:55,USD,7.308,7.3815,7.297,7.4036
31-08-20_16:56,USD,7.308,7.3815,7.297,7.4036
31-08-20_16:56,USD,7.308,7.3815,7.297,7.4036
31-08-20_16:57,USD,7.308,7.3815,7.297,7.4036
31-08-20_16:58,USD,7.308,7.3815,7.297,7.4036
31-08-20_16:58,USD,7.308,7.3815,7.297,7.4036
31-08-20_16:59,USD,7.308,7.3815,7.297,7.4036
31-08-20_16:59,USD,7.308,7.3815,7.297,7.4036
31-08-20_17:00,USD,7.3103,7.3837,7.2993,7.4059
31-08-20_17:01,USD,7.3103,7.3837,7.2993,7.4059
31-08-20_17:01,USD,7.3103,7.3837,7.2993,7.4059
31-08-20_17:02,USD,7.3103,7.3837,7.2993,7.4059
31-08-20_17:02,USD,7.3103,7.3837,7.2993,7.4059
31-08-20_17:03,USD,7.3103,7.3837,7.2993,7.4059
31-08-20_17:04,USD,7.3103,7.3837,7.2993,7.4059
31-08-20_17:04,USD,7.3103,7.3837,7.2993,7.4059
31-08-20_17:05,USD,7.3103,7.3837,7.2993,7.4059
31-08-20_17:05,USD,7.3103,7.3837,7.2993,7.4059
31-08-20_17:06,USD,7.3103,7.3837,7.2993,7.4059
31-08-20_17:07,USD,7.3103,7.3837,7.2993,7.4059
31-08-20_17:07,USD,7.3103,7.3837,7.2993,7.4059
31-08-20_17:08,USD,7.3103,7.3837,7.2993,7.4059
31-08-20_17:08,USD,7.3103,7.3837,7.2993,7.4059
31-08-20_17:09,USD,7.3103,7.3837,7.2993,7.4059
31-08-20_17:10,USD,7.3103,7.3837,7.2993,7.4059
31-08-20_17:10,USD,7.314,7.3875,7.303,7.4097
31-08-20_17:11,USD,7.314,7.3875,7.303,7.4097
31-08-20_17:11,USD,7.314,7.3875,7.303,7.4097
31-08-20_17:12,USD,7.314,7.3875,7.303,7.4097
31-08-20_17:13,USD,7.314,7.3875,7.303,7.4097
31-08-20_17:13,USD,7.314,7.3875,7.303,7.4097
31-08-20_17:14,USD,7.314,7.3875,7.303,7.4097
31-08-20_17:14,USD,7.314,7.3875,7.303,7.4097
31-08-20_17:15,USD,7.314,7.3875,7.303,7.4097
31-08-20_17:16,USD,7.314,7.3875,7.303,7.4097
31-08-20_17:16,USD,7.314,7.3875,7.303,7.4097
31-08-20_17:17,USD,7.314,7.3875,7.303,7.4097
31-08-20_17:17,USD,7.314,7.3875,7.303,7.4097
31-08-20_17:18,USD,7.314,7.3875,7.303,7.4097
31-08-20_17:19,USD,7.314,7.3875,7.303,7.4097
31-08-20_17:19,USD,7.314,7.3875,7.303,7.4097
31-08-20_17:20,USD,7.314,7.3875,7.303,7.4097
31-08-20_17:20,USD,7.3113,7.3847,7.3003,7.4069
31-08-20_17:21,USD,7.3113,7.3847,7.3003,7.4069
31-08-20_17:22,USD,7.3113,7.3847,7.3003,7.4069
31-08-20_17:22,USD,7.3113,7.3847,7.3003,7.4069
31-08-20_17:23,USD,7.3113,7.3847,7.3003,7.4069
31-08-20_17:23,USD,7.3113,7.3847,7.3003,7.4069
31-08-20_17:24,USD,7.3113,7.3847,7.3003,7.4069
31-08-20_17:25,USD,7.3113,7.3847,7.3003,7.4069
31-08-20_17:25,USD,7.3113,7.3847,7.3003,7.4069
31-08-20_17:26,USD,7.3113,7.3847,7.3003,7.4069
31-08-20_17:26,USD,7.3113,7.3847,7.3003,7.4069
31-08-20_17:27,USD,7.3113,7.3847,7.3003,7.4069
31-08-20_17:28,USD,7.3113,7.3847,7.3003,7.4069
31-08-20_17:28,USD,7.3113,7.3847,7.3003,7.4069
31-08-20_17:29,USD,7.3113,7.3847,7.3003,7.4069
31-08-20_17:30,USD,7.3113,7.3847,7.3003,7.4069
31-08-20_17:30,USD,7.3113,7.3847,7.3003,7.4069
31-08-20_17:31,USD,7.3147,7.3883,7.3037,7.4105
31-08-20_17:31,USD,7.3147,7.3883,7.3037,7.4105
31-08-20_17:32,USD,7.3147,7.3883,7.3037,7.4105
31-08-20_17:33,USD,7.3147,7.3883,7.3037,7.4105
31-08-20_17:33,USD,7.3147,7.3883,7.3037,7.4105
31-08-20_17:34,USD,7.3147,7.3883,7.3037,7.4105
31-08-20_17:34,USD,7.3147,7.3883,7.3037,7.4105
31-08-20_17:35,USD,7.3147,7.3883,7.3037,7.4105
31-08-20_17:36,USD,7.3147,7.3883,7.3037,7.4105
31-08-20_17:36,USD,7.3147,7.3883,7.3037,7.4105
31-08-20_17:37,USD,7.3147,7.3883,7.3037,7.4105
31-08-20_17:38,USD,7.3147,7.3883,7.3037,7.4105
31-08-20_17:38,USD,7.3147,7.3883,7.3037,7.4105
31-08-20_17:39,USD,7.3147,7.3883,7.3037,7.4105
31-08-20_17:39,USD,7.3147,7.3883,7.3037,7.4105
31-08-20_17:40,USD,7.3147,7.3883,7.3037,7.4105
31-08-20_17:41,USD,7.3147,7.3883,7.3037,7.4105
31-08-20_17:41,USD,7.3195,7.393,7.3085,7.4152
31-08-20_17:42,USD,7.3195,7.393,7.3085,7.4152
31-08-20_17:42,USD,7.3195,7.393,7.3085,7.4152
31-08-20_17:43,USD,7.3195,7.393,7.3085,7.4152
31-08-20_17:44,USD,7.3195,7.393,7.3085,7.4152
31-08-20_17:44,USD,7.3195,7.393,7.3085,7.4152
31-08-20_17:45,USD,7.3195,7.393,7.3085,7.4152
31-08-20_17:45,USD,7.3195,7.393,7.3085,7.4152
31-08-20_17:46,USD,7.3195,7.393,7.3085,7.4152
31-08-20_17:47,USD,7.3195,7.393,7.3085,7.4152
31-08-20_17:47,USD,7.3195,7.393,7.3085,7.4152
31-08-20_17:48,USD,7.3195,7.393,7.3085,7.4152
31-08-20_17:48,USD,7.3195,7.393,7.3085,7.4152
31-08-20_17:49,USD,7.3195,7.393,7.3085,7.4152
31-08-20_17:50,USD,7.3195,7.393,7.3085,7.4152
31-08-20_17:50,USD,7.3195,7.393,7.3085,7.4152
31-08-20_17:51,USD,7.3195,7.393,7.3085,7.4152
31-08-20_17:52,USD,7.3187,7.3923,7.3077,7.4145
31-08-20_17:52,USD,7.3187,7.3923,7.3077,7.4145
31-08-20_17:53,USD,7.3187,7.3923,7.3077,7.4145
31-08-20_17:53,USD,7.3187,7.3923,7.3077,7.4145
31-08-20_17:54,USD,7.3187,7.3923,7.3077,7.4145
31-08-20_17:55,USD,7.3187,7.3923,7.3077,7.4145
31-08-20_17:55,USD,7.3187,7.3923,7.3077,7.4145
31-08-20_17:56,USD,7.3187,7.3923,7.3077,7.4145
31-08-20_17:56,USD,7.3187,7.3923,7.3077,7.4145
31-08-20_17:57,USD,7.3187,7.3923,7.3077,7.4145
31-08-20_17:58,USD,7.3187,7.3923,7.3077,7.4145
31-08-20_17:58,USD,7.3187,7.3923,7.3077,7.4145
31-08-20_17:59,USD,7.3187,7.3923,7.3077,7.4145
31-08-20_17:59,USD,7.3187,7.3923,7.3077,7.4145
01-09-20_09:00,USD,7.3058,7.3792,7.2948,7.4013
01-09-20_09:00,USD,7.3058,7.3792,7.2948,7.4013
01-09-20_09:01,USD,7.3058,7.3792,7.2948,7.4013
01-09-20_09:02,USD,7.3058,7.3792,7.2948,7.4013
01-09-20_09:02,USD,7.3058,7.3792,7.2948,7.4013
01-09-20_09:03,USD,7.3058,7.3792,7.2948,7.4013
01-09-20_09:04,USD,7.3058,7.3792,7.2948,7.4013
01-09-20_09:04,USD,7.3058,7.3792,7.2948,7.4013
01-09-20_09:05,USD,7.3058,7.3792,7.2948,7.4013
01-09-20_09:05,USD,7.3058,7.3792,7.2948,7.4013
01-09-20_09:06,USD,7.3058,7.3792,7.2948,7.4013
01-09-20_09:07,USD,7.3058,7.3792,7.2948,7.4013
01-09-20_09:07,USD,7.3058,7.3792,7.2948,7.4013
01-09-20_09:08,USD,7.3058,7.3792,7.2948,7.4013
01-09-20_09:08,USD,7.3058,7.3792,7.2948,7.4013
01-09-20_09:09,USD,7.3058,7.3792,7.2948,7.4013
01-09-20_09:10,USD,7.3058,7.3792,7.2948,7.4013
01-09-20_09:10,USD,7.3108,7.3842,7.2998,7.4064
01-09-20_09:11,USD,7.3108,7.3842,7.2998,7.4064
01-09-20_09:11,USD,7.3108,7.3842,7.2998,7.4064
01-09-20_09:12,USD,7.3108,7.3842,7.2998,7.4064
01-09-20_09:13,USD,7.3108,7.3842,7.2998,7.4064
01-09-20_09:13,USD,7.3108,7.3842,7.2998,7.4064
01-09-20_09:14,USD,7.3108,7.3842,7.2998,7.4064
01-09-20_09:14,USD,7.3108,7.3842,7.2998,7.4064
01-09-20_09:15,USD,7.3108,7.3842,7.2998,7.4064
01-09-20_09:16,USD,7.3108,7.3842,7.2998,7.4064
01-09-20_09:16,USD,7.3108,7.3842,7.2998,7.4064
01-09-20_09:17,USD,7.3108,7.3842,7.2998,7.4064
01-09-20_09:17,USD,7.3108,7.3842,7.2998,7.4064
01-09-20_09:18,USD,7.3108,7.3842,7.2998,7.4064
01-09-20_09:19,USD,7.3108,7.3842,7.2998,7.4064
01-09-20_09:19,USD,7.3108,7.3842,7.2998,7.4064
01-09-20_09:20,USD,7.3108,7.3842,7.2998,7.4064
01-09-20_09:20,USD,7.3108,7.3842,7.2998,7.4064
01-09-20_09:21,USD,7.3108,7.3842,7.2998,7.4064
01-09-20_09:22,USD,7.3108,7.3842,7.2998,7.4064
01-09-20_09:22,USD,7.3108,7.3842,7.2998,7.4064
01-09-20_09:23,USD,7.3108,7.3842,7.2998,7.4064
01-09-20_09:24,USD,7.3108,7.3842,7.2998,7.4064
01-09-20_09:24,USD,7.3108,7.3842,7.2998,7.4064
01-09-20_09:25,USD,7.3108,7.3842,7.2998,7.4064
01-09-20_09:25,USD,7.3108,7.3842,7.2998,7.4064
01-09-20_09:26,USD,7.3108,7.3842,7.2998,7.4064
01-09-20_09:27,USD,7.3108,7.3842,7.2998,7.4064
01-09-20_09:27,USD,7.3108,7.3842,7.2998,7.4064
01-09-20_09:28,USD,7.3108,7.3842,7.2998,7.4064
01-09-20_09:28,USD,7.3108,7.3842,7.2998,7.4064
01-09-20_09:29,USD,7.3108,7.3842,7.2998,7.4064
01-09-20_09:30,USD,7.3108,7.3842,7.2998,7.4064
01-09-20_09:30,USD,7.3108,7.3842,7.2998,7.4064
01-09-20_09:31,USD,7.3083,7.3817,7.2973,7.4038
01-09-20_09:31,USD,7.3083,7.3817,7.2973,7.4038
01-09-20_09:32,USD,7.3083,7.3817,7.2973,7.4038
01-09-20_09:33,USD,7.3083,7.3817,7.2973,7.4038
01-09-20_09:33,USD,7.3083,7.3817,7.2973,7.4038
01-09-20_09:34,USD,7.3083,7.3817,7.2973,7.4038
01-09-20_09:34,USD,7.3083,7.3817,7.2973,7.4038
01-09-20_09:35,USD,7.3083,7.3817,7.2973,7.4038
01-09-20_09:36,USD,7.3083,7.3817,7.2973,7.4038
01-09-20_09:36,USD,7.3083,7.3817,7.2973,7.4038
01-09-20_09:37,USD,7.3083,7.3817,7.2973,7.4038
01-09-20_09:37,USD,7.3083,7.3817,7.2973,7.4038
01-09-20_09:38,USD,7.3083,7.3817,7.2973,7.4038
01-09-20_09:39,USD,7.3083,7.3817,7.2973,7.4038
01-09-20_09:39,USD,7.3083,7.3817,7.2973,7.4038
01-09-20_09:40,USD,7.3083,7.3817,7.2973,7.4038
01-09-20_09:40,USD,7.3083,7.3817,7.2973,7.4038
01-09-20_09:41,USD,7.3108,7.3842,7.2998,7.4064
01-09-20_09:42,USD,7.3108,7.3842,7.2998,7.4064
01-09-20_09:42,USD,7.3108,7.3842,7.2998,7.4064
01-09-20_09:43,USD,7.3108,7.3842,7.2998,7.4064
01-09-20_09:43,USD,7.3108,7.3842,7.2998,7.4064
01-09-20_09:44,USD,7.3108,7.3842,7.2998,7.4064
01-09-20_09:45,USD,7.3108,7.3842,7.2998,7.4064
01-09-20_09:45,USD,7.3108,7.3842,7.2998,7.4064
01-09-20_09:46,USD,7.3108,7.3842,7.2998,7.4064
01-09-20_09:46,USD,7.3108,7.3842,7.2998,7.4064
01-09-20_09:47,USD,7.3108,7.3842,7.2998,7.4064
01-09-20_09:48,USD,7.3108,7.3842,7.2998,7.4064
01-09-20_09:48,USD,7.3108,7.3842,7.2998,7.4064
01-09-20_09:49,USD,7.3108,7.3842,7.2998,7.4064
01-09-20_09:50,USD,7.3108,7.3842,7.2998,7.4064
01-09-20_09:50,USD,7.3108,7.3842,7.2998,7.4064
01-09-20_09:51,USD,7.3108,7.3842,7.2998,7.4064
01-09-20_09:51,USD,7.3237,7.3973,7.3127,7.4195
01-09-20_09:52,USD,7.3237,7.3973,7.3127,7.4195
01-09-20_09:52,USD,7.3237,7.3973,7.3127,7.4195
01-09-20_09:53,USD,7.3237,7.3973,7.3127,7.4195
01-09-20_09:54,USD,7.3237,7.3973,7.3127,7.4195
01-09-20_09:54,USD,7.3237,7.3973,7.3127,7.4195
01-09-20_09:55,USD,7.3237,7.3973,7.3127,7.4195
01-09-20_09:56,USD,7.3237,7.3973,7.3127,7.4195
01-09-20_09:56,USD,7.3237,7.3973,7.3127,7.4195
01-09-20_09:57,USD,7.3237,7.3973,7.3127,7.4195
01-09-20_09:57,USD,7.3237,7.3973,7.3127,7.4195
01-09-20_09:58,USD,7.3237,7.3973,7.3127,7.4195
01-09-20_09:59,USD,7.3237,7.3973,7.3127,7.4195
01-09-20_09:59,USD,7.3237,7.3973,7.3127,7.4195
01-09-20_10:00,USD,7.3237,7.3973,7.3127,7.4195
01-09-20_10:00,USD,7.3237,7.3973,7.3127,7.4195
01-09-20_10:01,USD,7.3237,7.3973,7.3127,7.4195
01-09-20_10:02,USD,7.3272,7.4008,7.3162,7.423
01-09-20_10:02,USD,7.3272,7.4008,7.3162,7.423
01-09-20_10:03,USD,7.3272,7.4008,7.3162,7.423
01-09-20_10:03,USD,7.3272,7.4008,7.3162,7.423
01-09-20_10:04,USD,7.3272,7.4008,7.3162,7.423
01-09-20_10:05,USD,7.3272,7.4008,7.3162,7.423
01-09-20_10:05,USD,7.3272,7.4008,7.3162,7.423
01-09-20_10:06,USD,7.3272,7.4008,7.3162,7.423
01-09-20_10:06,USD,7.3272,7.4008,7.3162,7.423
01-09-20_10:07,USD,7.3272,7.4008,7.3162,7.423
01-09-20_10:08,USD,7.3272,7.4008,7.3162,7.423
01-09-20_10:08,USD,7.3272,7.4008,7.3162,7.423
01-09-20_10:09,USD,7.3272,7.4008,7.3162,7.423
01-09-20_10:09,USD,7.3272,7.4008,7.3162,7.423
01-09-20_10:10,USD,7.3272,7.4008,7.3162,7.423
01-09-20_10:11,USD,7.3272,7.4008,7.3162,7.423
01-09-20_10:11,USD,7.3272,7.4008,7.3162,7.423
01-09-20_10:12,USD,7.3319,7.4056,7.3209,7.4278
01-09-20_10:12,USD,7.3319,7.4056,7.3209,7.4278
01-09-20_10:13,USD,7.3319,7.4056,7.3209,7.4278
01-09-20_10:14,USD,7.3319,7.4056,7.3209,7.4278
01-09-20_10:14,USD,7.3319,7.4056,7.3209,7.4278
01-09-20_10:15,USD,7.3319,7.4056,7.3209,7.4278
01-09-20_10:15,USD,7.3319,7.4056,7.3209,7.4278
01-09-20_10:16,USD,7.3319,7.4056,7.3209,7.4278
01-09-20_10:17,USD,7.3319,7.4056,7.3209,7.4278
01-09-20_10:17,USD,7.3319,7.4056,7.3209,7.4278
01-09-20_10:18,USD,7.3319,7.4056,7.3209,7.4278
01-09-20_10:18,USD,7.3319,7.4056,7.3209,7.4278
01-09-20_10:19,USD,7.3319,7.4056,7.3209,7.4278
01-09-20_10:20,USD,7.3319,7.4056,7.3209,7.4278
01-09-20_10:20,USD,7.3319,7.4056,7.3209,7.4278
01-09-20_10:21,USD,7.3319,7.4056,7.3209,7.4278
01-09-20_10:21,USD,7.3319,7.4056,7.3209,7.4278
01-09-20_10:22,USD,7.3312,7.4048,7.3202,7.427
01-09-20_10:23,USD,7.3312,7.4048,7.3202,7.427
01-09-20_10:23,USD,7.3312,7.4048,7.3202,7.427
01-09-20_10:24,USD,7.3312,7.4048,7.3202,7.427
01-09-20_10:24,USD,7.3312,7.4048,7.3202,7.427
01-09-20_10:25,USD,7.3312,7.4048,7.3202,7.427
01-09-20_10:26,USD,7.3312,7.4048,7.3202,7.427
01-09-20_10:26,USD,7.3312,7.4048,7.3202,7.427
01-09-20_10:27,USD,7.3312,7.4048,7.3202,7.427
01-09-20_10:27,USD,7.3312,7.4048,7.3202,7.427
01-09-20_10:28,USD,7.3312,7.4048,7.3202,7.427
01-09-20_10:29,USD,7.3312,7.4048,7.3202,7.427
01-09-20_10:29,USD,7.3312,7.4048,7.3202,7.427
01-09-20_10:30,USD,7.3312,7.4048,7.3202,7.427
01-09-20_10:30,USD,7.3312,7.4048,7.3202,7.427
01-09-20_10:31,USD,7.3312,7.4048,7.3202,7.427
01-09-20_10:32,USD,7.3312,7.4048,7.3202,7.427
01-09-20_10:32,USD,7.3314,7.4051,7.3204,7.4273
01-09-20_10:33,USD,7.3314,7.4051,7.3204,7.4273
01-09-20_10:33,USD,7.3314,7.4051,7.3204,7.4273
01-09-20_10:34,USD,7.3314,7.4051,7.3204,7.4273
01-09-20_10:35,USD,7.3314,7.4051,7.3204,7.4273
01-09-20_10:35,USD,7.3314,7.4051,7.3204,7.4273
01-09-20_10:36,USD,7.3314,7.4051,7.3204,7.4273
01-09-20_10:36,USD,7.3314,7.4051,7.3204,7.4273
01-09-20_10:37,USD,7.3314,7.4051,7.3204,7.4273
01-09-20_10:38,USD,7.3314,7.4051,7.3204,7.4273
01-09-20_10:38,USD,7.3314,7.4051,7.3204,7.4273
01-09-20_10:39,USD,7.3314,7.4051,7.3204,7.4273
01-09-20_10:39,USD,7.3314,7.4051,7.3204,7.4273
01-09-20_10:40,USD,7.3314,7.4051,7.3204,7.4273
01-09-20_10:41,USD,7.3314,7.4051,7.3204,7.4273
01-09-20_10:41,USD,7.3314,7.4051,7.3204,7.4273
01-09-20_10:42,USD,7.3314,7.4051,7.3204,7.4273
01-09-20_10:42,USD,7.3319,7.4056,7.3209,7.4278
01-09-20_10:43,USD,7.3319,7.4056,7.3209,7.4278
01-09-20_10:44,USD,7.3319,7.4056,7.3209,7.4278
01-09-20_10:44,USD,7.3319,7.4056,7.3209,7.4278
01-09-20_10:45,USD,7.3319,7.4056,7.3209,7.4278
01-09-20_10:45,USD,7.3319,7.4056,7.3209,7.4278
01-09-20_10:46,USD,7.3319,7.4056,7.3209,7.4278
01-09-20_10:47,USD,7.3319,7.4056,7.3209,7.4278
01-09-20_10:47,USD,7.3319,7.4056,7.3209,7.4278
01-09-20_10:48,USD,7.3319,7.4056,7.3209,7.4278
01-09-20_10:48,USD,7.3319,7.4056,7.3209,7.4278
01-09-20_10:49,USD,7.3319,7.4056,7.3209,7.4278
01-09-20_10:50,USD,7.3319,7.4056,7.3209,7.4278
01-09-20_10:50,USD,7.3319,7.4056,7.3209,7.4278
01-09-20_10:51,USD,7.3319,7.4056,7.3209,7.4278
01-09-20_10:51,USD,7.3319,7.4056,7.3209,7.4278
01-09-20_10:52,USD,7.3319,7.4056,7.3209,7.4278
01-09-20_10:53,USD,7.3341,7.4079,7.3231,7.4301
01-09-20_10:53,USD,7.3341,7.4079,7.3231,7.4301
01-09-20_10:54,USD,7.3341,7.4079,7.3231,7.4301
01-09-20_10:54,USD,7.3341,7.4079,7.3231,7.4301
01-09-20_10:55,USD,7.3341,7.4079,7.3231,7.4301
01-09-20_10:56,USD,7.3341,7.4079,7.3231,7.4301
01-09-20_10:56,USD,7.3341,7.4079,7.3231,7.4301
01-09-20_10:57,USD,7.3341,7.4079,7.3231,7.4301
01-09-20_10:57,USD,7.3341,7.4079,7.3231,7.4301
01-09-20_10:58,USD,7.3341,7.4079,7.3231,7.4301
01-09-20_10:59,USD,7.3341,7.4079,7.3231,7.4301
01-09-20_10:59,USD,7.3341,7.4079,7.3231,7.4301
01-09-20_11:00,USD,7.3341,7.4079,7.3231,7.4301
01-09-20_11:00,USD,7.3341,7.4079,7.3231,7.4301
01-09-20_11:01,USD,7.3341,7.4079,7.3231,7.4301
01-09-20_11:02,USD,7.3341,7.4079,7.3231,7.4301
01-09-20_11:02,USD,7.3341,7.4079,7.3231,7.4301
01-09-20_11:03,USD,7.3351,7.4089,7.3241,7.4311
01-09-20_11:03,USD,7.3351,7.4089,7.3241,7.4311
01-09-20_11:04,USD,7.3351,7.4089,7.3241,7.4311
01-09-20_11:05,USD,7.3351,7.4089,7.3241,7.4311
01-09-20_11:05,USD,7.3351,7.4089,7.3241,7.4311
01-09-20_11:06,USD,7.3351,7.4089,7.3241,7.4311
01-09-20_11:06,USD,7.3351,7.4089,7.3241,7.4311
01-09-20_11:07,USD,7.3351,7.4089,7.3241,7.4311
01-09-20_11:08,USD,7.3351,7.4089,7.3241,7.4311
01-09-20_11:08,USD,7.3351,7.4089,7.3241,7.4311
01-09-20_11:09,USD,7.3351,7.4089,7.3241,7.4311
01-09-20_11:09,USD,7.3351,7.4089,7.3241,7.4311
01-09-20_11:10,USD,7.3351,7.4089,7.3241,7.4311
01-09-20_11:11,USD,7.3351,7.4089,7.3241,7.4311
01-09-20_11:11,USD,7.3351,7.4089,7.3241,7.4311
01-09-20_11:12,USD,7.3351,7.4089,7.3241,7.4311
01-09-20_11:12,USD,7.3351,7.4089,7.3241,7.4311
01-09-20_11:13,USD,7.3369,7.4106,7.3259,7.4328
01-09-20_11:14,USD,7.3369,7.4106,7.3259,7.4328
01-09-20_11:14,USD,7.3369,7.4106,7.3259,7.4328
01-09-20_11:15,USD,7.3369,7.4106,7.3259,7.4328
01-09-20_11:16,USD,7.3369,7.4106,7.3259,7.4328
01-09-20_11:16,USD,7.3369,7.4106,7.3259,7.4328
01-09-20_11:17,USD,7.3369,7.4106,7.3259,7.4328
01-09-20_11:17,USD,7.3369,7.4106,7.3259,7.4328
01-09-20_11:18,USD,7.3369,7.4106,7.3259,7.4328
01-09-20_11:18,USD,7.3369,7.4106,7.3259,7.4328
01-09-20_11:19,USD,7.3369,7.4106,7.3259,7.4328
01-09-20_11:20,USD,7.3369,7.4106,7.3259,7.4328
01-09-20_11:20,USD,7.3369,7.4106,7.3259,7.4328
01-09-20_11:21,USD,7.3369,7.4106,7.3259,7.4328
01-09-20_11:21,USD,7.3369,7.4106,7.3259,7.4328
01-09-20_11:22,USD,7.3369,7.4106,7.3259,7.4328
01-09-20_11:23,USD,7.3369,7.4106,7.3259,7.4328
01-09-20_11:23,USD,7.3369,7.4106,7.3259,7.4328
01-09-20_11:24,USD,7.3369,7.4106,7.3259,7.4328
01-09-20_11:24,USD,7.3369,7.4106,7.3259,7.4328
01-09-20_11:25,USD,7.3369,7.4106,7.3259,7.4328
01-09-20_11:26,USD,7.3369,7.4106,7.3259,7.4328
01-09-20_11:26,USD,7.3369,7.4106,7.3259,7.4328
01-09-20_11:27,USD,7.3369,7.4106,7.3259,7.4328
01-09-20_11:28,USD,7.3369,7.4106,7.3259,7.4328
01-09-20_11:28,USD,7.3369,7.4106,7.3259,7.4328
01-09-20_11:29,USD,7.3369,7.4106,7.3259,7.4328
01-09-20_11:29,USD,7.3369,7.4106,7.3259,7.4328
01-09-20_11:30,USD,7.3369,7.4106,7.3259,7.4328
01-09-20_11:30,USD,7.3369,7.4106,7.3259,7.4328
01-09-20_11:31,USD,7.3369,7.4106,7.3259,7.4328
01-09-20_11:32,USD,7.3369,7.4106,7.3259,7.4328
01-09-20_11:32,USD,7.3369,7.4106,7.3259,7.4328
01-09-20_11:33,USD,7.3369,7.4106,7.3259,7.4328
01-09-20_11:34,USD,7.3302,7.4038,7.3192,7.426
01-09-20_11:34,USD,7.3302,7.4038,7.3192,7.426
01-09-20_11:35,USD,7.3302,7.4038,7.3192,7.426
01-09-20_11:35,USD,7.3302,7.4038,7.3192,7.426
01-09-20_11:36,USD,7.3302,7.4038,7.3192,7.426
01-09-20_11:37,USD,7.3302,7.4038,7.3192,7.426
01-09-20_11:37,USD,7.3302,7.4038,7.3192,7.426
01-09-20_11:38,USD,7.3302,7.4038,7.3192,7.426
01-09-20_11:38,USD,7.3302,7.4038,7.3192,7.426
01-09-20_11:39,USD,7.3302,7.4038,7.3192,7.426
01-09-20_11:40,USD,7.3302,7.4038,7.3192,7.426
01-09-20_11:40,USD,7.3302,7.4038,7.3192,7.426
01-09-20_11:41,USD,7.3302,7.4038,7.3192,7.426
01-09-20_11:41,USD,7.3302,7.4038,7.3192,7.426
01-09-20_11:42,USD,7.3302,7.4038,7.3192,7.426
01-09-20_11:43,USD,7.3302,7.4038,7.3192,7.426
01-09-20_11:43,USD,7.3302,7.4038,7.3192,7.426
01-09-20_11:44,USD,7.3319,7.4056,7.3209,7.4278
01-09-20_11:44,USD,7.3319,7.4056,7.3209,7.4278
01-09-20_11:45,USD,7.3319,7.4056,7.3209,7.4278
01-09-20_11:46,USD,7.3319,7.4056,7.3209,7.4278
01-09-20_11:46,USD,7.3319,7.4056,7.3209,7.4278
01-09-20_11:47,USD,7.3319,7.4056,7.3209,7.4278
01-09-20_11:47,USD,7.3319,7.4056,7.3209,7.4278
01-09-20_11:48,USD,7.3319,7.4056,7.3209,7.4278
01-09-20_11:49,USD,7.3319,7.4056,7.3209,7.4278
01-09-20_11:49,USD,7.3319,7.4056,7.3209,7.4278
01-09-20_11:50,USD,7.3319,7.4056,7.3209,7.4278
01-09-20_11:50,USD,7.3319,7.4056,7.3209,7.4278
01-09-20_11:51,USD,7.3319,7.4056,7.3209,7.4278
01-09-20_11:52,USD,7.3319,7.4056,7.3209,7.4278
01-09-20_11:52,USD,7.3319,7.4056,7.3209,7.4278
01-09-20_11:53,USD,7.3319,7.4056,7.3209,7.4278
01-09-20_11:53,USD,7.3319,7.4056,7.3209,7.4278
01-09-20_11:54,USD,7.3341,7.4079,7.3231,7.4301
01-09-20_11:55,USD,7.3341,7.4079,7.3231,7.4301
01-09-20_11:55,USD,7.3341,7.4079,7.3231,7.4301
01-09-20_11:56,USD,7.3341,7.4079,7.3231,7.4301
01-09-20_11:57,USD,7.3341,7.4079,7.3231,7.4301
01-09-20_11:57,USD,7.3341,7.4079,7.3231,7.4301
01-09-20_11:58,USD,7.3341,7.4079,7.3231,7.4301
01-09-20_11:58,USD,7.3341,7.4079,7.3231,7.4301
01-09-20_11:59,USD,7.3341,7.4079,7.3231,7.4301
01-09-20_11:59,USD,7.3341,7.4079,7.3231,7.4301
01-09-20_12:00,USD,7.3341,7.4079,7.3231,7.4301
01-09-20_12:01,USD,7.3341,7.4079,7.3231,7.4301
01-09-20_12:01,USD,7.3341,7.4079,7.3231,7.4301
01-09-20_12:02,USD,7.3341,7.4079,7.3231,7.4301
01-09-20_12:03,USD,7.3341,7.4079,7.3231,7.4301
01-09-20_12:03,USD,7.3341,7.4079,7.3231,7.4301
01-09-20_12:04,USD,7.3341,7.4079,7.3231,7.4301
01-09-20_12:04,USD,7.3371,7.4109,7.3261,7.4331
01-09-20_12:05,USD,7.3371,7.4109,7.3261,7.4331
01-09-20_12:06,USD,7.3371,7.4109,7.3261,7.4331
01-09-20_12:06,USD,7.3371,7.4109,7.3261,7.4331
01-09-20_12:07,USD,7.3371,7.4109,7.3261,7.4331
01-09-20_12:07,USD,7.3371,7.4109,7.3261,7.4331
01-09-20_12:08,USD,7.3371,7.4109,7.3261,7.4331
01-09-20_12:09,USD,7.3371,7.4109,7.3261,7.4331
01-09-20_12:09,USD,7.3371,7.4109,7.3261,7.4331
01-09-20_12:10,USD,7.3371,7.4109,7.3261,7.4331
01-09-20_12:10,USD,7.3371,7.4109,7.3261,7.4331
01-09-20_12:11,USD,7.3371,7.4109,7.3261,7.4331
01-09-20_12:12,USD,7.3371,7.4109,7.3261,7.4331
01-09-20_12:12,USD,7.3371,7.4109,7.3261,7.4331
01-09-20_12:13,USD,7.3371,7.4109,7.3261,7.4331
01-09-20_12:13,USD,7.3371,7.4109,7.3261,7.4331
01-09-20_12:14,USD,7.3371,7.4109,7.3261,7.4331
01-09-20_12:14,USD,7.3366,7.4104,7.3256,7.4326
01-09-20_12:15,USD,7.3366,7.4104,7.3256,7.4326
01-09-20_12:16,USD,7.3366,7.4104,7.3256,7.4326
01-09-20_12:16,USD,7.3366,7.4104,7.3256,7.4326
01-09-20_12:17,USD,7.3366,7.4104,7.3256,7.4326
01-09-20_12:18,USD,7.3366,7.4104,7.3256,7.4326
01-09-20_12:18,USD,7.3366,7.4104,7.3256,7.4326
01-09-20_12:19,USD,7.3366,7.4104,7.3256,7.4326
01-09-20_12:19,USD,7.3366,7.4104,7.3256,7.4326
01-09-20_12:20,USD,7.3366,7.4104,7.3256,7.4326
01-09-20_12:21,USD,7.3366,7.4104,7.3256,7.4326
01-09-20_12:21,USD,7.3366,7.4104,7.3256,7.4326
01-09-20_12:22,USD,7.3366,7.4104,7.3256,7.4326
01-09-20_12:23,USD,7.3366,7.4104,7.3256,7.4326
01-09-20_12:23,USD,7.3366,7.4104,7.3256,7.4326
01-09-20_12:24,USD,7.3366,7.4104,7.3256,7.4326
01-09-20_12:24,USD,7.3366,7.4104,7.3256,7.4326
01-09-20_12:25,USD,7.3356,7.4094,7.3246,7.4316
01-09-20_12:26,USD,7.3356,7.4094,7.3246,7.4316
01-09-20_12:26,USD,7.3356,7.4094,7.3246,7.4316
01-09-20_12:27,USD,7.3356,7.4094,7.3246,7.4316
01-09-20_12:27,USD,7.3356,7.4094,7.3246,7.4316
01-09-20_12:28,USD,7.3356,7.4094,7.3246,7.4316
01-09-20_12:29,USD,7.3356,7.4094,7.3246,7.4316
01-09-20_12:29,USD,7.3356,7.4094,7.3246,7.4316
01-09-20_12:30,USD,7.3356,7.4094,7.3246,7.4316
01-09-20_12:30,USD,7.3356,7.4094,7.3246,7.4316
01-09-20_12:31,USD,7.3356,7.4094,7.3246,7.4316
01-09-20_12:32,USD,7.3356,7.4094,7.3246,7.4316
01-09-20_12:32,USD,7.3356,7.4094,7.3246,7.4316
01-09-20_12:33,USD,7.3356,7.4094,7.3246,7.4316
01-09-20_12:33,USD,7.3356,7.4094,7.3246,7.4316
01-09-20_12:34,USD,7.3356,7.4094,7.3246,7.4316
01-09-20_12:35,USD,7.3356,7.4094,7.3246,7.4316
01-09-20_12:35,USD,7.3356,7.4094,7.3246,7.4316
01-09-20_12:36,USD,7.3356,7.4094,7.3246,7.4316
01-09-20_12:36,USD,7.3356,7.4094,7.3246,7.4316
01-09-20_12:37,USD,7.3356,7.4094,7.3246,7.4316
01-09-20_12:38,USD,7.3356,7.4094,7.3246,7.4316
01-09-20_12:38,USD,7.3356,7.4094,7.3246,7.4316
01-09-20_12:39,USD,7.3356,7.4094,7.3246,7.4316
01-09-20_12:40,USD,7.3356,7.4094,7.3246,7.4316
01-09-20_12:40,USD,7.3356,7.4094,7.3246,7.4316
01-09-20_12:41,USD,7.3356,7.4094,7.3246,7.4316
01-09-20_12:41,USD,7.3356,7.4094,7.3246,7.4316
01-09-20_12:42,USD,7.3356,7.4094,7.3246,7.4316
01-09-20_12:43,USD,7.3356,7.4094,7.3246,7.4316
01-09-20_12:43,USD,7.3356,7.4094,7.3246,7.4316
01-09-20_12:44,USD,7.3356,7.4094,7.3246,7.4316
01-09-20_12:44,USD,7.3356,7.4094,7.3246,7.4316
01-09-20_12:45,USD,7.3356,7.4094,7.3246,7.4316
01-09-20_12:46,USD,7.3334,7.4071,7.3224,7.4293
01-09-20_12:46,USD,7.3334,7.4071,7.3224,7.4293
01-09-20_12:47,USD,7.3334,7.4071,7.3224,7.4293
01-09-20_12:47,USD,7.3334,7.4071,7.3224,7.4293
01-09-20_12:48,USD,7.3334,7.4071,7.3224,7.4293
01-09-20_12:49,USD,7.3334,7.4071,7.3224,7.4293
01-09-20_12:49,USD,7.3334,7.4071,7.3224,7.4293
01-09-20_12:50,USD,7.3334,7.4071,7.3224,7.4293
01-09-20_12:50,USD,7.3334,7.4071,7.3224,7.4293
01-09-20_12:51,USD,7.3334,7.4071,7.3224,7.4293
01-09-20_12:52,USD,7.3334,7.4071,7.3224,7.4293
01-09-20_12:52,USD,7.3334,7.4071,7.3224,7.4293
01-09-20_12:53,USD,7.3334,7.4071,7.3224,7.4293
01-09-20_12:53,USD,7.3334,7.4071,7.3224,7.4293
01-09-20_12:54,USD,7.3334,7.4071,7.3224,7.4293
01-09-20_12:55,USD,7.3334,7.4071,7.3224,7.4293
01-09-20_12:55,USD,7.3334,7.4071,7.3224,7.4293
01-09-20_12:56,USD,7.3319,7.4056,7.3209,7.4278
01-09-20_12:56,USD,7.3319,7.4056,7.3209,7.4278
01-09-20_12:57,USD,7.3319,7.4056,7.3209,7.4278
01-09-20_12:58,USD,7.3319,7.4056,7.3209,7.4278
01-09-20_12:58,USD,7.3319,7.4056,7.3209,7.4278
01-09-20_12:59,USD,7.3319,7.4056,7.3209,7.4278
01-09-20_12:59,USD,7.3319,7.4056,7.3209,7.4278
01-09-20_13:00,USD,7.3319,7.4056,7.3209,7.4278
01-09-20_13:01,USD,7.3319,7.4056,7.3209,7.4278
01-09-20_13:01,USD,7.3319,7.4056,7.3209,7.4278
01-09-20_13:02,USD,7.3319,7.4056,7.3209,7.4278
01-09-20_13:03,USD,7.3319,7.4056,7.3209,7.4278
01-09-20_13:03,USD,7.3319,7.4056,7.3209,7.4278
01-09-20_13:04,USD,7.3319,7.4056,7.3209,7.4278
01-09-20_13:04,USD,7.3319,7.4056,7.3209,7.4278
01-09-20_13:05,USD,7.3319,7.4056,7.3209,7.4278
01-09-20_13:05,USD,7.3319,7.4056,7.3209,7.4278
01-09-20_13:06,USD,7.3317,7.4053,7.3207,7.4275
01-09-20_13:07,USD,7.3317,7.4053,7.3207,7.4275
01-09-20_13:07,USD,7.3317,7.4053,7.3207,7.4275
01-09-20_13:08,USD,7.3317,7.4053,7.3207,7.4275
01-09-20_13:08,USD,7.3317,7.4053,7.3207,7.4275
01-09-20_13:09,USD,7.3317,7.4053,7.3207,7.4275
01-09-20_13:10,USD,7.3317,7.4053,7.3207,7.4275
01-09-20_13:10,USD,7.3317,7.4053,7.3207,7.4275
01-09-20_13:11,USD,7.3317,7.4053,7.3207,7.4275
01-09-20_13:11,USD,7.3317,7.4053,7.3207,7.4275
01-09-20_13:12,USD,7.3317,7.4053,7.3207,7.4275
01-09-20_13:13,USD,7.3317,7.4053,7.3207,7.4275
01-09-20_13:13,USD,7.3317,7.4053,7.3207,7.4275
01-09-20_13:14,USD,7.3317,7.4053,7.3207,7.4275
01-09-20_13:14,USD,7.3317,7.4053,7.3207,7.4275
01-09-20_13:15,USD,7.3317,7.4053,7.3207,7.4275
01-09-20_13:16,USD,7.3317,7.4053,7.3207,7.4275
01-09-20_13:16,USD,7.3334,7.4071,7.3224,7.4293
01-09-20_13:17,USD,7.3334,7.4071,7.3224,7.4293
01-09-20_13:17,USD,7.3334,7.4071,7.3224,7.4293
01-09-20_13:18,USD,7.3334,7.4071,7.3224,7.4293
01-09-20_13:19,USD,7.3334,7.4071,7.3224,7.4293
01-09-20_13:19,USD,7.3334,7.4071,7.3224,7.4293
01-09-20_13:20,USD,7.3334,7.4071,7.3224,7.4293
01-09-20_13:20,USD,7.3334,7.4071,7.3224,7.4293
01-09-20_13:21,USD,7.3334,7.4071,7.3224,7.4293
01-09-20_13:22,USD,7.3334,7.4071,7.3224,7.4293
01-09-20_13:22,USD,7.3334,7.4071,7.3224,7.4293
01-09-20_13:23,USD,7.3334,7.4071,7.3224,7.4293
01-09-20_13:24,USD,7.3334,7.4071,7.3224,7.4293
01-09-20_13:24,USD,7.3334,7.4071,7.3224,7.4293
01-09-20_13:25,USD,7.3334,7.4071,7.3224,7.4293
01-09-20_13:25,USD,7.3334,7.4071,7.3224,7.4293
01-09-20_13:26,USD,7.3334,7.4071,7.3224,7.4293
01-09-20_13:26,USD,7.3257,7.3993,7.3147,7.4215
01-09-20_13:27,USD,7.3257,7.3993,7.3147,7.4215
01-09-20_13:28,USD,7.3257,7.3993,7.3147,7.4215
01-09-20_13:28,USD,7.3257,7.3993,7.3147,7.4215
01-09-20_13:29,USD,7.3257,7.3993,7.3147,7.4215
01-09-20_13:30,USD,7.3257,7.3993,7.3147,7.4215
01-09-20_13:30,USD,7.3257,7.3993,7.3147,7.4215
01-09-20_13:31,USD,7.3257,7.3993,7.3147,7.4215
01-09-20_13:31,USD,7.3257,7.3993,7.3147,7.4215
01-09-20_13:32,USD,7.3257,7.3993,7.3147,7.4215
01-09-20_13:33,USD,7.3257,7.3993,7.3147,7.4215
01-09-20_13:33,USD,7.3257,7.3993,7.3147,7.4215
01-09-20_13:34,USD,7.3257,7.3993,7.3147,7.4215
01-09-20_13:34,USD,7.3257,7.3993,7.3147,7.4215
01-09-20_13:35,USD,7.3257,7.3993,7.3147,7.4215
01-09-20_13:36,USD,7.3257,7.3993,7.3147,7.4215
01-09-20_13:36,USD,7.3257,7.3993,7.3147,7.4215
01-09-20_13:37,USD,7.3172,7.3908,7.3062,7.413
01-09-20_13:37,USD,7.3172,7.3908,7.3062,7.413
01-09-20_13:38,USD,7.3172,7.3908,7.3062,7.413
01-09-20_13:39,USD,7.3172,7.3908,7.3062,7.413
01-09-20_13:39,USD,7.3172,7.3908,7.3062,7.413
01-09-20_13:40,USD,7.3172,7.3908,7.3062,7.413
01-09-20_13:40,USD,7.3172,7.3908,7.3062,7.413
01-09-20_13:41,USD,7.3172,7.3908,7.3062,7.413
01-09-20_13:42,USD,7.3172,7.3908,7.3062,7.413
01-09-20_13:42,USD,7.3172,7.3908,7.3062,7.413
01-09-20_13:43,USD,7.3172,7.3908,7.3062,7.413
01-09-20_13:43,USD,7.3172,7.3908,7.3062,7.413
01-09-20_13:44,USD,7.3172,7.3908,7.3062,7.413
01-09-20_13:45,USD,7.3172,7.3908,7.3062,7.413
01-09-20_13:45,USD,7.3172,7.3908,7.3062,7.413
01-09-20_13:46,USD,7.3172,7.3908,7.3062,7.413
01-09-20_13:46,USD,7.3172,7.3908,7.3062,7.413
01-09-20_13:47,USD,7.3123,7.3857,7.3013,7.4079
01-09-20_13:48,USD,7.3123,7.3857,7.3013,7.4079
01-09-20_13:48,USD,7.3123,7.3857,7.3013,7.4079
01-09-20_13:49,USD,7.3123,7.3857,7.3013,7.4079
01-09-20_13:49,USD,7.3123,7.3857,7.3013,7.4079
01-09-20_13:50,USD,7.3123,7.3857,7.3013,7.4079
01-09-20_13:51,USD,7.3123,7.3857,7.3013,7.4079
01-09-20_13:51,USD,7.3123,7.3857,7.3013,7.4079
01-09-20_13:52,USD,7.3123,7.3857,7.3013,7.4079
01-09-20_13:52,USD,7.3123,7.3857,7.3013,7.4079
01-09-20_13:53,USD,7.3123,7.3857,7.3013,7.4079
01-09-20_13:54,USD,7.3123,7.3857,7.3013,7.4079
01-09-20_13:54,USD,7.3123,7.3857,7.3013,7.4079
01-09-20_13:55,USD,7.3123,7.3857,7.3013,7.4079
01-09-20_13:55,USD,7.3123,7.3857,7.3013,7.4079
01-09-20_13:56,USD,7.3123,7.3857,7.3013,7.4079
01-09-20_13:57,USD,7.3123,7.3857,7.3013,7.4079
01-09-20_13:57,USD,7.3147,7.3883,7.3037,7.4105
01-09-20_13:58,USD,7.3147,7.3883,7.3037,7.4105
01-09-20_13:59,USD,7.3147,7.3883,7.3037,7.4105
01-09-20_13:59,USD,7.3147,7.3883,7.3037,7.4105
01-09-20_14:00,USD,7.3147,7.3883,7.3037,7.4105
01-09-20_14:00,USD,7.3147,7.3883,7.3037,7.4105
01-09-20_14:01,USD,7.3147,7.3883,7.3037,7.4105
01-09-20_14:02,USD,7.3147,7.3883,7.3037,7.4105
01-09-20_14:02,USD,7.3147,7.3883,7.3037,7.4105
01-09-20_14:03,USD,7.3147,7.3883,7.3037,7.4105
01-09-20_14:03,USD,7.3147,7.3883,7.3037,7.4105
01-09-20_14:04,USD,7.3147,7.3883,7.3037,7.4105
01-09-20_14:05,USD,7.3147,7.3883,7.3037,7.4105
01-09-20_14:05,USD,7.3147,7.3883,7.3037,7.4105
01-09-20_14:06,USD,7.3147,7.3883,7.3037,7.4105
01-09-20_14:07,USD,7.3147,7.3883,7.3037,7.4105
01-09-20_14:07,USD,7.3147,7.3883,7.3037,7.4105
01-09-20_14:08,USD,7.3147,7.3883,7.3037,7.4105
01-09-20_14:08,USD,7.3147,7.3883,7.3037,7.4105
01-09-20_14:09,USD,7.3147,7.3883,7.3037,7.4105
01-09-20_14:09,USD,7.3147,7.3883,7.3037,7.4105
01-09-20_14:10,USD,7.3147,7.3883,7.3037,7.4105
01-09-20_14:11,USD,7.3147,7.3883,7.3037,7.4105
01-09-20_14:11,USD,7.3147,7.3883,7.3037,7.4105
01-09-20_14:12,USD,7.3147,7.3883,7.3037,7.4105
01-09-20_14:13,USD,7.3147,7.3883,7.3037,7.4105
01-09-20_14:13,USD,7.3147,7.3883,7.3037,7.4105
01-09-20_14:14,USD,7.3147,7.3883,7.3037,7.4105
01-09-20_14:14,USD,7.3147,7.3883,7.3037,7.4105
01-09-20_14:15,USD,7.3147,7.3883,7.3037,7.4105
01-09-20_14:16,USD,7.3147,7.3883,7.3037,7.4105
01-09-20_14:16,USD,7.3147,7.3883,7.3037,7.4105
01-09-20_14:17,USD,7.3147,7.3883,7.3037,7.4105
01-09-20_14:17,USD,7.3147,7.3883,7.3037,7.4105
01-09-20_14:18,USD,7.3125,7.386,7.3015,7.4082
01-09-20_14:19,USD,7.3125,7.386,7.3015,7.4082
01-09-20_14:19,USD,7.3125,7.386,7.3015,7.4082
01-09-20_14:20,USD,7.3125,7.386,7.3015,7.4082
01-09-20_14:20,USD,7.3125,7.386,7.3015,7.4082
01-09-20_14:21,USD,7.3125,7.386,7.3015,7.4082
01-09-20_14:22,USD,7.3125,7.386,7.3015,7.4082
01-09-20_14:23,USD,7.3125,7.386,7.3015,7.4082
01-09-20_14:24,USD,7.3125,7.386,7.3015,7.4082
01-09-20_14:24,USD,7.3125,7.386,7.3015,7.4082
01-09-20_14:25,USD,7.3125,7.386,7.3015,7.4082
01-09-20_14:25,USD,7.3125,7.386,7.3015,7.4082
01-09-20_14:26,USD,7.3125,7.386,7.3015,7.4082
01-09-20_14:27,USD,7.3125,7.386,7.3015,7.4082
01-09-20_14:27,USD,7.3125,7.386,7.3015,7.4082
01-09-20_14:28,USD,7.3125,7.386,7.3015,7.4082
01-09-20_14:28,USD,7.3083,7.3817,7.2973,7.4038
01-09-20_14:29,USD,7.3083,7.3817,7.2973,7.4038
01-09-20_14:30,USD,7.3083,7.3817,7.2973,7.4038
01-09-20_14:30,USD,7.3083,7.3817,7.2973,7.4038
01-09-20_14:31,USD,7.3083,7.3817,7.2973,7.4038
01-09-20_14:31,USD,7.3083,7.3817,7.2973,7.4038
01-09-20_14:32,USD,7.3083,7.3817,7.2973,7.4038
01-09-20_14:33,USD,7.3083,7.3817,7.2973,7.4038
01-09-20_14:33,USD,7.3083,7.3817,7.2973,7.4038
01-09-20_14:34,USD,7.3083,7.3817,7.2973,7.4038
01-09-20_14:34,USD,7.3083,7.3817,7.2973,7.4038
01-09-20_14:35,USD,7.3083,7.3817,7.2973,7.4038
01-09-20_14:36,USD,7.3083,7.3817,7.2973,7.4038
01-09-20_14:36,USD,7.3083,7.3817,7.2973,7.4038
01-09-20_14:37,USD,7.3083,7.3817,7.2973,7.4038
01-09-20_14:37,USD,7.3083,7.3817,7.2973,7.4038
01-09-20_14:38,USD,7.3083,7.3817,7.2973,7.4038
01-09-20_14:39,USD,7.3113,7.3847,7.3003,7.4069
01-09-20_14:39,USD,7.3113,7.3847,7.3003,7.4069
01-09-20_14:40,USD,7.3113,7.3847,7.3003,7.4069
01-09-20_14:40,USD,7.3113,7.3847,7.3003,7.4069
01-09-20_14:41,USD,7.3113,7.3847,7.3003,7.4069
01-09-20_14:42,USD,7.3113,7.3847,7.3003,7.4069
01-09-20_14:42,USD,7.3113,7.3847,7.3003,7.4069
01-09-20_14:43,USD,7.3113,7.3847,7.3003,7.4069
01-09-20_14:43,USD,7.3113,7.3847,7.3003,7.4069
01-09-20_14:44,USD,7.3113,7.3847,7.3003,7.4069
01-09-20_14:45,USD,7.3113,7.3847,7.3003,7.4069
01-09-20_14:45,USD,7.3113,7.3847,7.3003,7.4069
01-09-20_14:46,USD,7.3113,7.3847,7.3003,7.4069
01-09-20_14:46,USD,7.3113,7.3847,7.3003,7.4069
01-09-20_14:47,USD,7.3113,7.3847,7.3003,7.4069
01-09-20_14:48,USD,7.3113,7.3847,7.3003,7.4069
01-09-20_14:48,USD,7.3113,7.3847,7.3003,7.4069
01-09-20_14:49,USD,7.3115,7.385,7.3005,7.4072
01-09-20_14:49,USD,7.3115,7.385,7.3005,7.4072
01-09-20_14:50,USD,7.3115,7.385,7.3005,7.4072
01-09-20_14:51,USD,7.3115,7.385,7.3005,7.4072
01-09-20_14:51,USD,7.3115,7.385,7.3005,7.4072
01-09-20_14:52,USD,7.3115,7.385,7.3005,7.4072
01-09-20_14:52,USD,7.3115,7.385,7.3005,7.4072
01-09-20_14:53,USD,7.3115,7.385,7.3005,7.4072
01-09-20_14:54,USD,7.3115,7.385,7.3005,7.4072
01-09-20_14:54,USD,7.3115,7.385,7.3005,7.4072
01-09-20_14:55,USD,7.3115,7.385,7.3005,7.4072
01-09-20_14:55,USD,7.3115,7.385,7.3005,7.4072
01-09-20_14:56,USD,7.3115,7.385,7.3005,7.4072
01-09-20_14:57,USD,7.3115,7.385,7.3005,7.4072
01-09-20_14:57,USD,7.3115,7.385,7.3005,7.4072
01-09-20_14:58,USD,7.3115,7.385,7.3005,7.4072
01-09-20_14:58,USD,7.3115,7.385,7.3005,7.4072
01-09-20_14:59,USD,7.3145,7.388,7.3035,7.4102
01-09-20_15:00,USD,7.3145,7.388,7.3035,7.4102
01-09-20_15:00,USD,7.3145,7.388,7.3035,7.4102
01-09-20_15:01,USD,7.3145,7.388,7.3035,7.4102
01-09-20_15:01,USD,7.3145,7.388,7.3035,7.4102
01-09-20_15:02,USD,7.3145,7.388,7.3035,7.4102
01-09-20_15:03,USD,7.3145,7.388,7.3035,7.4102
01-09-20_15:03,USD,7.3145,7.388,7.3035,7.4102
01-09-20_15:04,USD,7.3145,7.388,7.3035,7.4102
01-09-20_15:05,USD,7.3145,7.388,7.3035,7.4102
01-09-20_15:05,USD,7.3145,7.388,7.3035,7.4102
01-09-20_15:06,USD,7.3145,7.388,7.3035,7.4102
01-09-20_15:06,USD,7.3145,7.388,7.3035,7.4102
01-09-20_15:07,USD,7.3145,7.388,7.3035,7.4102
01-09-20_15:08,USD,7.3145,7.388,7.3035,7.4102
01-09-20_15:08,USD,7.3145,7.388,7.3035,7.4102
01-09-20_15:09,USD,7.3145,7.388,7.3035,7.4102
01-09-20_15:09,USD,7.3225,7.396,7.3115,7.4182
01-09-20_15:10,USD,7.3225,7.396,7.3115,7.4182
01-09-20_15:11,USD,7.3225,7.396,7.3115,7.4182
01-09-20_15:11,USD,7.3225,7.396,7.3115,7.4182
01-09-20_15:12,USD,7.3225,7.396,7.3115,7.4182
01-09-20_15:12,USD,7.3225,7.396,7.3115,7.4182
01-09-20_15:13,USD,7.3225,7.396,7.3115,7.4182
01-09-20_15:14,USD,7.3225,7.396,7.3115,7.4182
01-09-20_15:14,USD,7.3225,7.396,7.3115,7.4182
01-09-20_15:15,USD,7.3225,7.396,7.3115,7.4182
01-09-20_15:16,USD,7.3225,7.396,7.3115,7.4182
01-09-20_15:17,USD,7.3225,7.396,7.3115,7.4182
01-09-20_15:17,USD,7.3225,7.396,7.3115,7.4182
01-09-20_15:18,USD,7.3225,7.396,7.3115,7.4182
01-09-20_15:18,USD,7.3225,7.396,7.3115,7.4182
01-09-20_15:19,USD,7.3225,7.396,7.3115,7.4182
01-09-20_15:20,USD,7.3207,7.3943,7.3097,7.4165
01-09-20_15:20,USD,7.3207,7.3943,7.3097,7.4165
01-09-20_15:21,USD,7.3207,7.3943,7.3097,7.4165
01-09-20_15:22,USD,7.3207,7.3943,7.3097,7.4165
01-09-20_15:22,USD,7.3207,7.3943,7.3097,7.4165
01-09-20_15:23,USD,7.3207,7.3943,7.3097,7.4165
01-09-20_15:23,USD,7.3207,7.3943,7.3097,7.4165
01-09-20_15:24,USD,7.3207,7.3943,7.3097,7.4165
01-09-20_15:24,USD,7.3207,7.3943,7.3097,7.4165
01-09-20_15:25,USD,7.3207,7.3943,7.3097,7.4165
01-09-20_15:26,USD,7.3207,7.3943,7.3097,7.4165
01-09-20_15:26,USD,7.3207,7.3943,7.3097,7.4165
01-09-20_15:27,USD,7.3207,7.3943,7.3097,7.4165
01-09-20_15:28,USD,7.3207,7.3943,7.3097,7.4165
01-09-20_15:28,USD,7.3207,7.3943,7.3097,7.4165
01-09-20_15:29,USD,7.3207,7.3943,7.3097,7.4165
01-09-20_15:29,USD,7.3207,7.3943,7.3097,7.4165
01-09-20_15:30,USD,7.3207,7.3943,7.3097,7.4165
01-09-20_15:31,USD,7.3207,7.3943,7.3097,7.4165
01-09-20_15:31,USD,7.3207,7.3943,7.3097,7.4165
01-09-20_15:32,USD,7.3207,7.3943,7.3097,7.4165
01-09-20_15:32,USD,7.3207,7.3943,7.3097,7.4165
01-09-20_15:33,USD,7.3207,7.3943,7.3097,7.4165
01-09-20_15:33,USD,7.3207,7.3943,7.3097,7.4165
01-09-20_15:34,USD,7.3207,7.3943,7.3097,7.4165
01-09-20_15:35,USD,7.3207,7.3943,7.3097,7.4165
01-09-20_15:35,USD,7.3207,7.3943,7.3097,7.4165
01-09-20_15:36,USD,7.3207,7.3943,7.3097,7.4165
01-09-20_15:36,USD,7.3207,7.3943,7.3097,7.4165
01-09-20_15:37,USD,7.3207,7.3943,7.3097,7.4165
01-09-20_15:38,USD,7.3207,7.3943,7.3097,7.4165
01-09-20_15:38,USD,7.3207,7.3943,7.3097,7.4165
01-09-20_15:39,USD,7.3207,7.3943,7.3097,7.4165
01-09-20_15:39,USD,7.3207,7.3943,7.3097,7.4165
01-09-20_15:40,USD,7.3207,7.3943,7.3097,7.4165
01-09-20_15:41,USD,7.3207,7.3943,7.3097,7.4165
01-09-20_15:41,USD,7.3207,7.3943,7.3097,7.4165
01-09-20_15:42,USD,7.3207,7.3943,7.3097,7.4165
01-09-20_15:43,USD,7.3207,7.3943,7.3097,7.4165
01-09-20_15:43,USD,7.3207,7.3943,7.3097,7.4165
01-09-20_15:44,USD,7.3207,7.3943,7.3097,7.4165
01-09-20_15:44,USD,7.3207,7.3943,7.3097,7.4165
01-09-20_15:45,USD,7.3207,7.3943,7.3097,7.4165
01-09-20_15:46,USD,7.3207,7.3943,7.3097,7.4165
01-09-20_15:46,USD,7.3207,7.3943,7.3097,7.4165
01-09-20_15:47,USD,7.3207,7.3943,7.3097,7.4165
01-09-20_15:47,USD,7.3207,7.3943,7.3097,7.4165
01-09-20_15:48,USD,7.3207,7.3943,7.3097,7.4165
01-09-20_15:49,USD,7.3207,7.3943,7.3097,7.4165
01-09-20_15:49,USD,7.3207,7.3943,7.3097,7.4165
01-09-20_15:50,USD,7.3207,7.3943,7.3097,7.4165
01-09-20_15:50,USD,7.311,7.3845,7.3,7.4067
01-09-20_15:51,USD,7.311,7.3845,7.3,7.4067
01-09-20_15:52,USD,7.311,7.3845,7.3,7.4067
01-09-20_15:52,USD,7.311,7.3845,7.3,7.4067
01-09-20_15:53,USD,7.311,7.3845,7.3,7.4067
01-09-20_15:53,USD,7.311,7.3845,7.3,7.4067
01-09-20_15:54,USD,7.311,7.3845,7.3,7.4067
01-09-20_15:55,USD,7.311,7.3845,7.3,7.4067
01-09-20_15:55,USD,7.311,7.3845,7.3,7.4067
01-09-20_15:56,USD,7.311,7.3845,7.3,7.4067
01-09-20_15:57,USD,7.311,7.3845,7.3,7.4067
01-09-20_15:57,USD,7.311,7.3845,7.3,7.4067
01-09-20_15:58,USD,7.311,7.3845,7.3,7.4067
01-09-20_15:58,USD,7.311,7.3845,7.3,7.4067
01-09-20_15:59,USD,7.311,7.3845,7.3,7.4067
01-09-20_15:59,USD,7.311,7.3845,7.3,7.4067
01-09-20_16:00,USD,7.311,7.3845,7.3,7.4067
01-09-20_16:01,USD,7.3145,7.388,7.3035,7.4102
01-09-20_16:01,USD,7.3145,7.388,7.3035,7.4102
01-09-20_16:02,USD,7.3145,7.388,7.3035,7.4102
01-09-20_16:02,USD,7.3145,7.388,7.3035,7.4102
01-09-20_16:03,USD,7.3145,7.388,7.3035,7.4102
01-09-20_16:04,USD,7.3145,7.388,7.3035,7.4102
01-09-20_16:04,USD,7.3145,7.388,7.3035,7.4102
01-09-20_16:05,USD,7.3145,7.388,7.3035,7.4102
01-09-20_16:05,USD,7.3145,7.388,7.3035,7.4102
01-09-20_16:06,USD,7.3145,7.388,7.3035,7.4102
01-09-20_16:07,USD,7.3145,7.388,7.3035,7.4102
01-09-20_16:07,USD,7.3145,7.388,7.3035,7.4102
01-09-20_16:08,USD,7.3145,7.388,7.3035,7.4102
01-09-20_16:09,USD,7.3145,7.388,7.3035,7.4102
01-09-20_16:09,USD,7.3145,7.388,7.3035,7.4102
01-09-20_16:10,USD,7.3145,7.388,7.3035,7.4102
01-09-20_16:10,USD,7.3145,7.388,7.3035,7.4102
01-09-20_16:11,USD,7.317,7.3905,7.306,7.4127
01-09-20_16:12,USD,7.317,7.3905,7.306,7.4127
01-09-20_16:12,USD,7.317,7.3905,7.306,7.4127
01-09-20_16:13,USD,7.317,7.3905,7.306,7.4127
01-09-20_16:13,USD,7.317,7.3905,7.306,7.4127
01-09-20_16:14,USD,7.317,7.3905,7.306,7.4127
01-09-20_16:15,USD,7.317,7.3905,7.306,7.4127
01-09-20_16:15,USD,7.317,7.3905,7.306,7.4127
01-09-20_16:16,USD,7.317,7.3905,7.306,7.4127
01-09-20_16:16,USD,7.317,7.3905,7.306,7.4127
01-09-20_16:17,USD,7.317,7.3905,7.306,7.4127
01-09-20_16:18,USD,7.317,7.3905,7.306,7.4127
01-09-20_16:18,USD,7.317,7.3905,7.306,7.4127
01-09-20_16:19,USD,7.317,7.3905,7.306,7.4127
01-09-20_16:19,USD,7.317,7.3905,7.306,7.4127
01-09-20_16:20,USD,7.317,7.3905,7.306,7.4127
01-09-20_16:21,USD,7.317,7.3905,7.306,7.4127
01-09-20_16:21,USD,7.3137,7.3873,7.3027,7.4095
01-09-20_16:22,USD,7.3137,7.3873,7.3027,7.4095
01-09-20_16:22,USD,7.3137,7.3873,7.3027,7.4095
01-09-20_16:23,USD,7.3137,7.3873,7.3027,7.4095
01-09-20_16:24,USD,7.3137,7.3873,7.3027,7.4095
01-09-20_16:24,USD,7.3137,7.3873,7.3027,7.4095
01-09-20_16:25,USD,7.3137,7.3873,7.3027,7.4095
01-09-20_16:25,USD,7.3137,7.3873,7.3027,7.4095
01-09-20_16:26,USD,7.3137,7.3873,7.3027,7.4095
01-09-20_16:27,USD,7.3137,7.3873,7.3027,7.4095
01-09-20_16:27,USD,7.3137,7.3873,7.3027,7.4095
01-09-20_16:28,USD,7.3137,7.3873,7.3027,7.4095
01-09-20_16:28,USD,7.3137,7.3873,7.3027,7.4095
01-09-20_16:29,USD,7.3137,7.3873,7.3027,7.4095
01-09-20_16:30,USD,7.3137,7.3873,7.3027,7.4095
01-09-20_16:30,USD,7.3137,7.3873,7.3027,7.4095
01-09-20_16:31,USD,7.3137,7.3873,7.3027,7.4095
01-09-20_16:31,USD,7.3145,7.388,7.3035,7.4102
01-09-20_16:32,USD,7.3145,7.388,7.3035,7.4102
01-09-20_16:33,USD,7.3145,7.388,7.3035,7.4102
01-09-20_16:33,USD,7.3145,7.388,7.3035,7.4102
01-09-20_16:34,USD,7.3145,7.388,7.3035,7.4102
01-09-20_16:34,USD,7.3145,7.388,7.3035,7.4102
01-09-20_16:35,USD,7.3145,7.388,7.3035,7.4102
01-09-20_16:36,USD,7.3145,7.388,7.3035,7.4102
01-09-20_16:36,USD,7.3145,7.388,7.3035,7.4102
01-09-20_16:37,USD,7.3145,7.388,7.3035,7.4102
01-09-20_16:37,USD,7.3145,7.388,7.3035,7.4102
01-09-20_16:38,USD,7.3145,7.388,7.3035,7.4102
01-09-20_16:39,USD,7.3145,7.388,7.3035,7.4102
01-09-20_16:39,USD,7.3145,7.388,7.3035,7.4102
01-09-20_16:40,USD,7.3145,7.388,7.3035,7.4102
01-09-20_16:40,USD,7.3145,7.388,7.3035,7.4102
01-09-20_16:41,USD,7.3145,7.388,7.3035,7.4102
01-09-20_16:42,USD,7.3145,7.388,7.3035,7.4102
01-09-20_16:42,USD,7.3145,7.388,7.3035,7.4102
01-09-20_16:43,USD,7.3145,7.388,7.3035,7.4102
01-09-20_16:43,USD,7.3145,7.388,7.3035,7.4102
01-09-20_16:44,USD,7.3145,7.388,7.3035,7.4102
01-09-20_16:45,USD,7.3145,7.388,7.3035,7.4102
01-09-20_16:45,USD,7.3145,7.388,7.3035,7.4102
01-09-20_16:46,USD,7.3145,7.388,7.3035,7.4102
01-09-20_16:46,USD,7.3145,7.388,7.3035,7.4102
01-09-20_16:47,USD,7.3145,7.388,7.3035,7.4102
01-09-20_16:48,USD,7.3145,7.388,7.3035,7.4102
01-09-20_16:48,USD,7.3145,7.388,7.3035,7.4102
01-09-20_16:49,USD,7.3145,7.388,7.3035,7.4102
01-09-20_16:50,USD,7.3145,7.388,7.3035,7.4102
01-09-20_16:50,USD,7.3145,7.388,7.3035,7.4102
01-09-20_16:51,USD,7.3145,7.388,7.3035,7.4102
01-09-20_16:51,USD,7.3145,7.388,7.3035,7.4102
01-09-20_16:52,USD,7.3192,7.3928,7.3082,7.415
01-09-20_16:52,USD,7.3192,7.3928,7.3082,7.415
01-09-20_16:53,USD,7.3192,7.3928,7.3082,7.415
01-09-20_16:54,USD,7.3192,7.3928,7.3082,7.415
01-09-20_16:54,USD,7.3192,7.3928,7.3082,7.415
01-09-20_16:55,USD,7.3192,7.3928,7.3082,7.415
01-09-20_16:55,USD,7.3192,7.3928,7.3082,7.415
01-09-20_16:56,USD,7.3192,7.3928,7.3082,7.415
01-09-20_16:57,USD,7.3192,7.3928,7.3082,7.415
01-09-20_16:57,USD,7.3192,7.3928,7.3082,7.415
01-09-20_16:58,USD,7.3192,7.3928,7.3082,7.415
01-09-20_16:58,USD,7.3192,7.3928,7.3082,7.415
01-09-20_16:59,USD,7.3192,7.3928,7.3082,7.415
01-09-20_17:00,USD,7.3192,7.3928,7.3082,7.415
01-09-20_17:00,USD,7.3192,7.3928,7.3082,7.415
01-09-20_17:01,USD,7.3192,7.3928,7.3082,7.415
01-09-20_17:01,USD,7.3192,7.3928,7.3082,7.415
01-09-20_17:02,USD,7.319,7.3925,7.308,7.4147
01-09-20_17:03,USD,7.319,7.3925,7.308,7.4147
01-09-20_17:03,USD,7.319,7.3925,7.308,7.4147
01-09-20_17:04,USD,7.319,7.3925,7.308,7.4147
01-09-20_17:05,USD,7.319,7.3925,7.308,7.4147
01-09-20_17:05,USD,7.319,7.3925,7.308,7.4147
01-09-20_17:06,USD,7.319,7.3925,7.308,7.4147
01-09-20_17:06,USD,7.319,7.3925,7.308,7.4147
01-09-20_17:07,USD,7.319,7.3925,7.308,7.4147
01-09-20_17:07,USD,7.319,7.3925,7.308,7.4147
01-09-20_17:08,USD,7.319,7.3925,7.308,7.4147
01-09-20_17:09,USD,7.319,7.3925,7.308,7.4147
01-09-20_17:09,USD,7.319,7.3925,7.308,7.4147
01-09-20_17:10,USD,7.319,7.3925,7.308,7.4147
01-09-20_17:11,USD,7.319,7.3925,7.308,7.4147
01-09-20_17:11,USD,7.319,7.3925,7.308,7.4147
01-09-20_17:12,USD,7.319,7.3925,7.308,7.4147
01-09-20_17:12,USD,7.319,7.3925,7.308,7.4147
01-09-20_17:13,USD,7.319,7.3925,7.308,7.4147
01-09-20_17:14,USD,7.319,7.3925,7.308,7.4147
01-09-20_17:14,USD,7.319,7.3925,7.308,7.4147
01-09-20_17:15,USD,7.319,7.3925,7.308,7.4147
01-09-20_17:15,USD,7.319,7.3925,7.308,7.4147
01-09-20_17:16,USD,7.319,7.3925,7.308,7.4147
01-09-20_17:17,USD,7.319,7.3925,7.308,7.4147
01-09-20_17:17,USD,7.319,7.3925,7.308,7.4147
01-09-20_17:18,USD,7.319,7.3925,7.308,7.4147
01-09-20_17:19,USD,7.319,7.3925,7.308,7.4147
01-09-20_17:19,USD,7.319,7.3925,7.308,7.4147
01-09-20_17:20,USD,7.319,7.3925,7.308,7.4147
01-09-20_17:20,USD,7.319,7.3925,7.308,7.4147
01-09-20_17:21,USD,7.319,7.3925,7.308,7.4147
01-09-20_17:22,USD,7.319,7.3925,7.308,7.4147
01-09-20_17:22,USD,7.319,7.3925,7.308,7.4147
01-09-20_17:23,USD,7.319,7.3925,7.308,7.4147
01-09-20_17:23,USD,7.319,7.3925,7.308,7.4147
01-09-20_17:24,USD,7.319,7.3925,7.308,7.4147
01-09-20_17:25,USD,7.319,7.3925,7.308,7.4147
01-09-20_17:25,USD,7.319,7.3925,7.308,7.4147
01-09-20_17:26,USD,7.319,7.3925,7.308,7.4147
01-09-20_17:26,USD,7.319,7.3925,7.308,7.4147
01-09-20_17:27,USD,7.319,7.3925,7.308,7.4147
01-09-20_17:28,USD,7.319,7.3925,7.308,7.4147
01-09-20_17:28,USD,7.319,7.3925,7.308,7.4147
01-09-20_17:29,USD,7.319,7.3925,7.308,7.4147
01-09-20_17:29,USD,7.319,7.3925,7.308,7.4147
01-09-20_17:30,USD,7.319,7.3925,7.308,7.4147
01-09-20_17:31,USD,7.319,7.3925,7.308,7.4147
01-09-20_17:31,USD,7.319,7.3925,7.308,7.4147
01-09-20_17:32,USD,7.319,7.3925,7.308,7.4147
01-09-20_17:32,USD,7.319,7.3925,7.308,7.4147
01-09-20_17:33,USD,7.319,7.3925,7.308,7.4147
01-09-20_17:34,USD,7.319,7.3925,7.308,7.4147
01-09-20_17:34,USD,7.319,7.3925,7.308,7.4147
01-09-20_17:35,USD,7.319,7.3925,7.308,7.4147
01-09-20_17:36,USD,7.319,7.3925,7.308,7.4147
01-09-20_17:36,USD,7.319,7.3925,7.308,7.4147
01-09-20_17:37,USD,7.319,7.3925,7.308,7.4147
01-09-20_17:37,USD,7.319,7.3925,7.308,7.4147
01-09-20_17:38,USD,7.319,7.3925,7.308,7.4147
01-09-20_17:39,USD,7.319,7.3925,7.308,7.4147
01-09-20_17:39,USD,7.319,7.3925,7.308,7.4147
01-09-20_17:40,USD,7.319,7.3925,7.308,7.4147
01-09-20_17:40,USD,7.319,7.3925,7.308,7.4147
01-09-20_17:41,USD,7.319,7.3925,7.308,7.4147
01-09-20_17:42,USD,7.319,7.3925,7.308,7.4147
01-09-20_17:42,USD,7.319,7.3925,7.308,7.4147
01-09-20_17:43,USD,7.319,7.3925,7.308,7.4147
01-09-20_17:43,USD,7.32,7.3935,7.309,7.4157
01-09-20_17:44,USD,7.32,7.3935,7.309,7.4157
01-09-20_17:45,USD,7.32,7.3935,7.309,7.4157
01-09-20_17:45,USD,7.32,7.3935,7.309,7.4157
01-09-20_17:46,USD,7.32,7.3935,7.309,7.4157
01-09-20_17:46,USD,7.32,7.3935,7.309,7.4157
01-09-20_17:47,USD,7.32,7.3935,7.309,7.4157
01-09-20_17:48,USD,7.32,7.3935,7.309,7.4157
01-09-20_17:48,USD,7.32,7.3935,7.309,7.4157
01-09-20_17:49,USD,7.32,7.3935,7.309,7.4157
01-09-20_17:50,USD,7.32,7.3935,7.309,7.4157
01-09-20_17:50,USD,7.32,7.3935,7.309,7.4157
01-09-20_17:51,USD,7.32,7.3935,7.309,7.4157
01-09-20_17:51,USD,7.32,7.3935,7.309,7.4157
01-09-20_17:52,USD,7.32,7.3935,7.309,7.4157
01-09-20_17:53,USD,7.32,7.3935,7.309,7.4157
01-09-20_17:53,USD,7.32,7.3935,7.309,7.4157
01-09-20_17:54,USD,7.32,7.3935,7.309,7.4157
01-09-20_17:55,USD,7.32,7.3935,7.309,7.4157
01-09-20_17:55,USD,7.32,7.3935,7.309,7.4157
01-09-20_17:56,USD,7.32,7.3935,7.309,7.4157
01-09-20_17:56,USD,7.32,7.3935,7.309,7.4157
01-09-20_17:57,USD,7.32,7.3935,7.309,7.4157
01-09-20_17:58,USD,7.32,7.3935,7.309,7.4157
01-09-20_17:58,USD,7.32,7.3935,7.309,7.4157
01-09-20_17:59,USD,7.32,7.3935,7.309,7.4157
01-09-20_17:59,USD,7.32,7.3935,7.309,7.4157
